time,tavg,tmin,tmax,prcp,snow,wdir,wspd,wpgt,pres,tsun
2020-01-01,-0.7,-6.2,,,,,0.4,,1032.2,
2020-01-02,1.0,-0.5,4.6,0.0,,,0.0,,1029.5,
2020-01-03,0.2,-3.1,,0.0,,,0.8,,1027.3,
2020-01-04,1.5,-2.5,6.4,,,,0.9,,1025.8,
2020-01-05,2.5,-2.9,6.3,,,,0.4,,1030.2,
2020-01-06,4.2,0.9,5.2,,,,2.8,,1026.6,
2020-01-07,6.2,4.4,8.1,17.8,,,2.4,,1011.9,
2020-01-08,1.6,0.1,9.1,41.9,,,2.0,,1011.9,
2020-01-09,-1.5,-1.9,2.1,0.0,,,1.0,,1024.0,
2020-01-10,0.2,-4.0,3.7,,,,1.3,,1024.0,
2020-01-11,0.6,,,,,,3.0,,1020.3,
2020-01-12,-1.1,,,,,,0.8,,1018.1,
2020-01-13,-2.2,-4.4,0.6,,,,1.5,,1022.8,
2020-01-14,-2.1,,,,,,0.8,,1025.7,
2020-01-15,-2.1,-6.1,1.7,,,,1.6,,1028.4,
2020-01-16,-1.1,-5.2,2.8,,,,2.4,,1027.3,
2020-01-17,-0.0,-4.5,4.3,,,,0.0,,1023.5,
2020-01-18,1.2,-3.8,5.3,,,,0.7,,1021.5,
2020-01-19,2.1,-2.3,5.6,,,,0.2,,1018.6,
2020-01-20,-0.0,-2.6,6.6,0.5,,,2.3,,1022.1,
2020-01-21,1.1,-5.3,5.0,0.0,,,0.4,,1029.6,
2020-01-22,3.6,0.2,7.1,,,,0.2,,1025.7,
2020-01-23,4.6,-2.5,9.4,,,,1.0,,1023.7,
2020-01-24,3.2,-1.0,7.3,,,,1.5,,1029.7,
2020-01-25,4.6,-1.8,9.1,,,,0.6,,1029.4,
2020-01-26,7.0,0.1,11.3,,,,4.0,,1027.2,
2020-01-27,6.0,5.5,8.1,,,,8.8,,1021.4,
2020-01-28,6.8,5.2,10.4,0.0,,,3.9,,1018.1,
2020-01-29,6.0,0.2,9.5,0.0,,,1.6,,1016.0,
2020-01-30,5.5,1.7,9.1,,,,3.5,,1014.6,
2020-01-31,3.5,0.6,7.4,,,,1.9,,1019.0,
2020-02-01,2.5,-2.8,7.6,,,,0.3,,1023.6,
2020-02-02,1.9,-1.8,5.5,,,,0.8,,1025.3,
2020-02-03,-1.2,-1.8,2.9,,,,4.1,,1026.6,
2020-02-04,-1.2,-7.2,4.3,9.9,,,2.4,,1026.5,
2020-02-05,-8.5,-10.0,-4.1,1.8,,,5.6,,1031.5,
2020-02-06,-4.6,-11.5,0.1,0.0,,,3.5,,1034.2,
2020-02-07,-0.3,-6.9,3.1,,,,4.3,,1029.8,
2020-02-08,-0.7,-1.9,4.1,,,,7.1,,1027.3,
2020-02-09,1.0,-5.3,4.1,,,,4.1,,1025.9,
2020-02-10,4.3,-0.4,,,,,3.9,,1023.5,
2020-02-11,8.7,-0.2,,,,,2.3,,1027.0,
2020-02-12,7.5,7.1,10.1,0.0,,,3.2,,1017.7,
2020-02-13,6.3,7.1,8.1,6.6,,,3.8,,1018.6,
2020-02-14,9.1,3.5,14.1,0.0,,,2.6,,1020.6,
2020-02-15,8.7,7.1,15.1,,,,3.4,,1018.4,
2020-02-16,-2.7,,,14.5,,,8.2,,1013.0,
2020-02-17,-6.2,-5.9,-1.9,2.0,,,6.4,,1017.5,
2020-02-18,-2.8,-8.0,2.1,0.0,,,5.5,,1026.9,
2020-02-19,2.4,-4.1,,,,,2.4,,1029.9,
2020-02-20,5.5,-0.3,11.1,,,,2.9,,1032.9,
2020-02-21,7.5,2.4,11.1,,,,3.3,,1030.1,
2020-02-22,2.7,2.1,7.1,7.4,,,9.9,,1023.9,
2020-02-23,3.6,-2.2,,0.0,,,5.4,,1029.0,
2020-02-24,8.4,1.1,12.1,,,,2.4,,1024.6,
2020-02-25,6.2,6.1,10.1,8.6,,,7.1,,1018.0,
2020-02-26,6.4,5.1,10.1,7.9,,,4.5,,1022.6,
2020-02-27,6.9,1.6,,0.0,,,3.6,,1027.5,
2020-02-28,4.9,4.2,7.1,,,,2.1,,1023.0,
2020-02-29,7.8,5.1,12.1,4.3,,,3.4,,1018.2,
2020-03-01,5.5,4.1,10.1,0.0,,,3.2,,1018.2,
2020-03-02,3.5,0.3,7.1,0.3,,,6.6,,1023.0,
2020-03-03,5.7,0.6,11.1,0.0,,,4.3,,1024.0,
2020-03-04,1.1,,,,,,8.5,,1021.9,
2020-03-05,1.9,-2.5,6.1,,,,5.8,,1025.2,
2020-03-06,4.8,-2.2,,,,,2.9,,1022.8,
2020-03-07,7.7,1.6,13.1,,,,3.2,,1018.0,
2020-03-08,10.1,2.6,16.1,,,,3.5,,1018.6,
2020-03-09,11.9,5.1,17.1,,,,3.3,,1014.5,
2020-03-10,5.0,,,4.8,,,5.5,,1007.8,
2020-03-11,4.1,0.3,,7.1,,,,,,
2020-03-12,8.2,0.5,,0.0,,,4.2,,1021.4,
2020-03-13,3.2,,,0.5,,,,,,
2020-03-14,5.1,-2.4,,0.0,,,,,,
2020-03-15,3.4,2.1,8.1,,,,7.5,,1011.2,
2020-03-16,5.1,-1.8,9.1,,,,5.4,,1021.8,
2020-03-17,6.7,3.4,12.1,,,,3.8,,1015.8,
2020-03-18,12.2,3.0,17.2,,,,2.2,,1013.5,
2020-03-19,7.6,6.9,13.1,,,,4.9,,1005.4,
2020-03-20,10.2,3.4,13.5,,,,2.2,,1013.6,
2020-03-21,12.9,6.4,18.9,,,,2.0,,1011.5,
2020-03-22,10.8,6.6,16.5,,,,4.0,,1013.8,
2020-03-23,11.0,2.7,17.1,,,,2.3,,1017.1,
2020-03-24,11.9,5.6,17.2,,,,2.0,,1019.9,
2020-03-25,13.3,6.4,19.0,,,,1.4,,1020.0,
2020-03-26,16.0,8.4,20.4,,,,2.6,,1015.6,
2020-03-27,10.4,8.2,16.2,3.8,,,3.3,,1012.7,
2020-03-28,7.1,5.4,12.1,0.0,,,6.4,,1021.1,
2020-03-29,9.9,1.6,15.5,,,,0.7,,1021.4,
2020-03-30,10.5,4.6,15.9,,,,1.7,,1020.4,
2020-03-31,13.4,5.0,18.1,,,,1.5,,1017.8,
2020-04-01,10.0,7.0,17.7,,,,5.0,,1014.3,
2020-04-02,10.0,3.7,15.3,,,,2.5,,1021.7,
2020-04-03,10.7,5.6,16.9,,,,1.5,,1021.1,
2020-04-04,8.0,6.6,13.1,,,,4.4,,1018.6,
2020-04-05,7.8,2.2,13.2,,,,4.1,,1022.2,
2020-04-06,10.4,3.2,15.7,,,,2.1,,1020.6,
2020-04-07,10.7,5.5,16.5,,,,2.7,,1015.8,
2020-04-08,9.5,4.0,14.4,,,,4.7,,1017.6,
2020-04-09,9.5,4.6,14.1,,,,2.9,,1021.6,
2020-04-10,11.2,6.1,15.1,,,,2.4,,1024.3,
2020-04-11,9.7,5.3,15.4,,,,2.0,,1020.0,
2020-04-12,10.2,4.7,15.3,,,,8.2,,1014.7,
2020-04-13,13.5,4.6,19.7,,,,6.7,,1014.0,
2020-04-14,13.1,4.8,19.2,,,,2.7,,1016.3,
2020-04-15,13.9,7.5,19.5,,,,2.5,,1014.8,
2020-04-16,17.4,9.2,23.1,,,,3.4,,1016.1,
2020-04-17,11.6,10.7,16.2,1.0,,,3.4,,1012.8,
2020-04-18,14.3,8.8,18.1,5.6,,,3.2,,1015.3,
2020-04-19,12.0,10.0,15.7,0.0,,,2.4,,1014.9,
2020-04-20,9.7,9.1,13.7,10.4,,,3.4,,1010.5,
2020-04-21,7.1,5.6,10.9,0.0,,,5.4,,1013.8,
2020-04-22,6.0,5.1,8.1,0.0,,,,,1015.9,
2020-04-23,8.5,3.2,13.1,,,,2.8,,1015.9,
2020-04-24,11.6,4.4,14.6,,,,4.9,,1013.5,
2020-04-25,12.8,10.8,17.2,,,,4.2,,1009.1,
2020-04-26,13.0,7.1,18.2,,,,3.2,,1016.5,
2020-04-27,13.0,7.8,17.7,,,,2.0,,1019.3,
2020-04-28,14.6,8.1,,,,,1.9,,1019.6,
2020-04-29,15.2,8.2,21.3,,,,2.1,,1019.0,
2020-04-30,19.0,9.6,23.4,,,,2.6,,1015.8,
2020-05-01,20.9,16.7,26.1,,,,1.6,,1012.8,
2020-05-02,20.5,18.4,24.4,,,,1.2,,1011.4,
2020-05-03,22.4,17.3,26.7,,,,2.3,,1005.7,
2020-05-04,19.2,15.5,24.8,,,,2.5,,1007.3,
2020-05-05,15.7,11.7,19.4,,,,0.9,,1011.2,
2020-05-06,20.9,11.4,27.2,,,,2.8,,1013.3,
2020-05-07,21.4,15.2,26.0,,,,11.1,,1017.1,
2020-05-08,19.1,15.6,26.8,,,,10.2,,1014.6,
2020-05-09,14.5,13.0,17.0,14.5,,,17.2,,1005.0,
2020-05-10,14.7,13.1,18.7,13.5,,,13.5,,1006.3,
2020-05-11,16.2,13.1,21.3,0.0,,,14.7,,1008.1,
2020-05-12,14.6,10.9,18.4,4.1,,,16.2,,1004.6,
2020-05-13,16.8,10.5,21.9,0.0,,,15.8,,1014.4,
2020-05-14,21.1,12.7,25.3,,,,9.1,,1016.4,
2020-05-15,15.4,15.3,20.0,3.3,,,14.7,,1008.7,
2020-05-16,17.0,15.3,21.0,10.9,,,8.2,,1006.3,
2020-05-17,20.1,14.9,24.0,0.3,,,8.5,,1005.3,
2020-05-18,18.0,14.9,25.8,0.0,,,11.6,,998.3,
2020-05-19,12.6,12.0,16.8,35.6,,,12.1,,998.9,
2020-05-20,15.1,9.5,19.8,13.2,,,8.9,,1011.1,
2020-05-21,18.7,11.2,22.4,0.0,,,9.2,,1014.3,
2020-05-22,19.2,15.1,22.4,,,,9.5,,1012.8,
2020-05-23,20.7,16.9,25.0,,,,9.2,,1010.8,
2020-05-24,16.3,15.8,21.1,14.5,,,14.9,,1009.1,
2020-05-25,16.6,14.3,21.4,0.0,,,9.2,,1012.0,
2020-05-26,16.4,13.0,21.8,,,,9.6,,1009.5,
2020-05-27,18.2,12.1,23.5,1.5,,,10.1,,1009.2,
2020-05-28,19.2,14.5,23.0,0.0,,,9.2,,1009.3,
2020-05-29,21.5,14.9,27.4,,,,8.3,,1014.5,
2020-05-30,23.1,16.8,29.4,,,,8.8,,1016.3,
2020-05-31,21.2,18.0,27.0,,,,9.5,,1012.1,
2020-06-01,19.6,17.0,24.7,1.5,,,14.4,,1009.7,
2020-06-02,18.9,15.1,21.3,0.0,,,10.0,,1007.2,
2020-06-03,22.9,17.9,28.3,2.0,,,9.9,,1003.8,
2020-06-04,22.1,19.4,26.4,0.3,,,12.2,,1003.8,
2020-06-05,23.5,18.7,28.3,0.0,,,9.2,,1007.0,
2020-06-06,24.9,19.5,30.8,,,,9.2,,1007.9,
2020-06-07,23.1,19.5,28.8,,,,9.4,,1011.1,
2020-06-08,25.5,20.1,31.5,,,,9.4,,1014.0,
2020-06-09,27.6,20.6,33.0,,,,8.6,,1013.9,
2020-06-10,25.8,22.8,32.3,,,,9.4,,1009.4,
2020-06-11,26.4,22.0,31.5,6.1,,,9.5,,1003.5,
2020-06-12,24.7,21.9,29.0,0.0,,,8.0,,1004.7,
2020-06-13,27.5,20.9,33.4,,,,8.1,,1004.0,
2020-06-14,23.4,22.0,28.8,1.0,,,13.7,,1003.7,
2020-06-15,23.7,18.5,28.9,0.0,,,13.4,,1006.2,
2020-06-16,24.9,20.3,30.8,,,,9.0,,1005.3,
2020-06-17,24.6,20.5,30.5,,,,8.8,,1005.0,
2020-06-18,24.0,20.6,27.0,,,,7.4,,1002.9,
2020-06-19,24.9,20.7,29.8,0.0,,,8.3,,1005.5,
2020-06-20,25.0,20.9,30.1,0.0,,,9.3,,1009.8,
2020-06-21,27.0,19.8,32.5,,,,8.3,,1008.0,
2020-06-22,29.4,22.0,35.5,,,,8.8,,1007.7,
2020-06-23,28.0,23.5,31.5,,,,8.0,,1008.2,
2020-06-24,21.4,20.5,26.5,0.3,,,12.1,,1003.2,
2020-06-25,21.5,20.9,23.4,48.3,,,9.4,,1001.1,
2020-06-26,22.4,19.5,25.5,4.3,,,14.6,,1005.7,
2020-06-27,24.6,20.7,29.3,0.0,,,9.9,,1005.7,
2020-06-28,25.4,21.2,30.3,,,,10.0,,1004.4,
2020-06-29,23.5,21.3,27.6,,,,10.2,,1002.7,
2020-06-30,20.3,18.8,23.4,75.9,,,16.2,,992.8,
2020-07-01,22.0,18.4,25.1,,,,9.2,,1003.8,
2020-07-02,24.7,20.7,28.9,,,,8.0,,1010.1,
2020-07-03,25.4,21.8,30.5,,,,8.9,,1010.5,
2020-07-04,24.4,20.8,29.4,1.8,,,8.9,,1007.0,
2020-07-05,24.5,20.2,27.7,0.0,,,8.9,,1004.6,
2020-07-06,25.9,22.1,30.0,,,,8.3,,1001.0,
2020-07-07,24.2,22.5,27.4,,,,10.5,,1003.6,
2020-07-08,26.0,21.6,30.5,,,,9.1,,1004.5,
2020-07-09,28.5,22.1,32.8,,,,7.9,,1003.8,
2020-07-10,24.2,23.1,28.0,2.0,,,12.0,,1002.0,
2020-07-11,26.1,22.5,30.0,0.3,,,10.0,,1006.4,
2020-07-12,22.7,21.4,25.9,0.0,,,10.7,,1009.2,
2020-07-13,18.6,18.0,22.0,19.3,,,19.1,,1002.7,
2020-07-14,21.1,17.5,23.8,42.7,,,12.5,,1003.1,
2020-07-15,24.0,19.2,28.8,0.0,,,8.9,,1005.2,
2020-07-16,25.6,20.7,29.8,,,,7.9,,1006.6,
2020-07-17,26.5,21.8,31.3,,,,8.1,,1008.1,
2020-07-18,26.6,23.1,30.4,,,,7.7,,1008.2,
2020-07-19,24.7,20.9,26.8,23.1,,,12.4,,1005.2,
2020-07-20,23.1,23.0,26.8,8.9,,,18.2,,1004.6,
2020-07-21,25.7,21.7,29.7,0.8,,,8.7,,1011.3,
2020-07-22,23.7,23.3,26.3,6.6,,,7.4,,1009.7,
2020-07-23,20.9,19.3,23.0,7.1,,,14.4,,1005.8,
2020-07-24,23.3,19.0,25.5,101.1,,,19.1,,998.5,
2020-07-25,24.5,21.1,28.4,2.5,,,12.0,,1002.4,
2020-07-26,26.2,21.9,28.8,0.0,,,10.0,,1006.6,
2020-07-27,24.4,23.1,25.5,0.5,,,8.2,,1008.0,
2020-07-28,24.7,23.0,26.8,1.5,,,8.8,,1009.8,
2020-07-29,24.2,23.0,26.2,8.4,,,9.0,,1011.5,
2020-07-30,25.5,23.5,28.6,42.4,,,8.8,,1013.1,
2020-07-31,26.7,23.1,29.8,0.0,,,9.0,,1013.6,
2020-08-01,25.5,24.5,26.8,3.3,,,10.7,,1010.6,
2020-08-02,25.4,24.0,26.6,41.4,,,12.8,,1007.9,
2020-08-03,25.5,24.4,26.4,83.8,,,17.7,,1007.7,
2020-08-04,27.4,25.3,29.5,47.8,,,15.3,,1010.3,
2020-08-05,26.4,25.3,28.8,4.1,,,9.3,,1011.2,
2020-08-06,24.0,23.5,26.6,91.7,,,16.8,,1004.9,
2020-08-07,24.6,22.9,26.0,0.5,,,9.0,,1006.6,
2020-08-08,24.9,23.0,26.3,0.0,,,9.4,,1002.6,
2020-08-09,25.5,24.0,25.8,31.0,,,13.8,,1002.0,
2020-08-10,26.3,24.6,29.3,41.7,,,10.7,,1003.2,
2020-08-11,25.0,22.7,27.8,137.9,,,11.9,,1007.8,
2020-08-12,28.2,23.8,31.3,0.3,,,8.3,,1012.4,
2020-08-13,28.4,26.6,30.0,0.0,,,12.0,,1009.3,
2020-08-14,27.1,26.1,28.3,0.5,,,16.8,,1005.4,
2020-08-15,26.3,25.3,28.0,44.2,,,12.1,,1008.0,
2020-08-16,27.9,25.6,30.9,24.9,,,13.7,,1010.1,
2020-08-17,28.1,26.1,31.9,0.0,,,10.4,,1013.0,
2020-08-18,27.6,24.4,32.2,,,,8.3,,1012.9,
2020-08-19,27.7,23.9,31.6,,,,8.6,,1011.2,
2020-08-20,28.0,25.3,31.8,,,,7.9,,1011.8,
2020-08-21,26.7,25.2,29.6,,,,7.1,,1013.4,
2020-08-22,23.8,22.9,28.1,2.5,,,8.3,,1012.4,
2020-08-23,26.2,21.8,29.8,42.7,,,9.2,,1008.6,
2020-08-24,28.8,24.0,31.8,0.0,,,9.1,,1005.1,
2020-08-25,30.3,26.3,34.8,,,,9.0,,1004.4,
2020-08-26,30.4,27.2,33.8,,,,14.4,,1002.7,
2020-08-27,27.2,25.9,29.3,6.6,,,18.1,,999.8,
2020-08-28,27.5,26.3,29.9,10.4,,,8.1,,1006.4,
2020-08-29,26.9,25.8,30.4,5.8,,,6.9,,1008.6,
2020-08-30,26.8,25.0,30.5,53.3,,,8.0,,1010.7,
2020-08-31,26.9,24.1,29.5,2.8,,,11.3,,1012.1,
2020-09-01,27.0,24.1,29.8,0.0,,,8.3,,1009.2,
2020-09-02,23.6,22.8,26.5,0.5,,,11.2,,1004.0,
2020-09-03,22.8,20.3,25.8,62.2,,,21.5,,995.5,
2020-09-04,23.3,20.4,27.3,0.3,,,14.0,,1011.5,
2020-09-05,23.9,19.5,27.3,0.0,,,8.7,,1013.4,
2020-09-06,21.4,20.4,24.8,,,,12.1,,1009.8,
2020-09-07,20.2,17.8,20.8,28.4,,,18.0,,993.1,
2020-09-08,23.8,20.9,26.8,38.9,,,20.1,,1007.5,
2020-09-09,20.9,19.5,25.3,0.3,,,10.0,,1009.9,
2020-09-10,23.3,19.1,26.9,5.1,,,8.3,,1008.6,
2020-09-11,22.2,20.0,27.0,0.0,,,11.6,,1013.7,
2020-09-12,20.4,18.4,23.3,6.1,,,12.1,,1015.4,
2020-09-13,22.0,17.0,26.5,0.8,,,8.7,,1015.7,
2020-09-14,21.9,17.9,25.4,0.0,,,7.9,,1014.2,
2020-09-15,23.9,19.2,27.5,,,,7.0,,1012.8,
2020-09-16,22.5,20.7,24.5,,,,8.6,,1009.3,
2020-09-17,21.1,20.3,23.5,0.3,,,9.1,,1009.9,
2020-09-18,21.6,18.4,25.8,0.0,,,11.4,,1012.3,
2020-09-19,20.9,17.6,26.0,0.3,,,9.8,,1015.0,
2020-09-20,19.6,15.9,24.8,0.0,,,8.4,,1016.8,
2020-09-21,19.7,13.9,25.0,,,,7.9,,1018.2,
2020-09-22,20.5,15.8,25.8,,,,10.2,,1018.6,
2020-09-23,19.9,15.5,23.5,,,,13.6,,1017.8,
2020-09-24,20.8,16.8,25.0,,,,13.5,,1015.4,
2020-09-25,20.1,16.7,25.3,,,,10.6,,1013.2,
2020-09-26,19.6,15.1,25.4,,,,10.5,,1016.1,
2020-09-27,20.9,15.2,25.9,,,,9.6,,1018.7,
2020-09-28,21.0,15.7,26.5,,,,8.8,,1017.0,
2020-09-29,20.1,15.6,24.1,,,,8.0,,1012.1,
2020-09-30,19.6,16.8,24.8,,,,7.0,,1010.2,
2020-10-01,19.3,15.9,23.8,38.4,,,8.5,,1012.8,
2020-10-02,20.2,16.6,23.0,0.0,,,9.6,,1014.3,
2020-10-03,19.9,17.8,23.0,,,,8.1,,1014.8,
2020-10-04,14.7,12.7,21.4,,,,12.6,,1012.5,
2020-10-05,13.9,8.8,18.3,,,,12.2,,1017.7,
2020-10-06,14.7,9.6,19.5,,,,9.2,,1022.1,
2020-10-07,16.7,10.2,22.0,,,,9.1,,1025.7,
2020-10-08,17.4,12.4,23.6,,,,12.9,,1027.0,
2020-10-09,17.7,12.7,23.3,,,,13.3,,1023.8,
2020-10-10,17.4,12.6,22.6,,,,9.8,,1020.1,
2020-10-11,17.3,13.0,22.1,,,,9.1,,1016.4,
2020-10-12,15.4,13.6,21.3,,,,9.8,,1015.0,
2020-10-13,14.4,8.9,19.0,,,,8.9,,1020.4,
2020-10-14,12.0,9.3,17.5,,,,10.3,,1024.8,
2020-10-15,12.5,6.8,18.0,,,,8.1,,1026.0,
2020-10-16,12.4,8.9,16.7,,,,7.3,,1023.8,
2020-10-17,13.0,9.3,18.6,,,,7.7,,1023.1,
2020-10-18,14.6,7.5,19.8,,,,8.5,,1024.0,
2020-10-19,15.5,10.1,21.4,,,,8.1,,1024.6,
2020-10-20,15.8,10.2,21.9,,,,7.7,,1026.0,
2020-10-21,14.6,12.1,18.1,,,,8.7,,1019.3,
2020-10-22,12.3,9.3,17.9,,,,12.5,,1013.9,
2020-10-23,8.3,5.8,13.3,,,,14.2,,1015.3,
2020-10-24,9.5,3.5,14.0,,,,12.3,,1019.2,
2020-10-25,12.6,5.7,18.3,,,,9.1,,1020.2,
2020-10-26,13.5,8.3,18.7,,,,7.7,,1020.0,
2020-10-27,15.4,9.3,19.3,,,,7.8,,1021.0,
2020-10-28,12.3,9.8,18.1,,,,10.9,,1022.8,
2020-10-29,11.3,5.8,15.8,,,,8.4,,1024.3,
2020-10-30,12.6,6.1,19.4,,,,8.3,,1025.2,
2020-10-31,15.3,8.8,18.0,,,,10.5,,1024.6,
2020-11-01,12.4,11.2,15.5,1.8,,,10.1,,1019.7,
2020-11-02,10.1,8.3,15.5,11.9,,,10.3,,1020.7,
2020-11-03,4.4,2.0,8.9,2.3,,,16.7,,1022.2,
2020-11-04,6.1,0.5,10.4,0.0,,,10.2,,1025.8,
2020-11-05,11.6,3.7,15.8,,,,8.6,,1027.1,
2020-11-06,14.8,10.2,17.3,,,,8.9,,1021.9,
2020-11-07,13.9,12.3,18.0,0.0,,,12.2,,1017.7,
2020-11-08,6.6,3.8,12.5,0.0,,,14.3,,1022.5,
2020-11-09,6.5,1.0,9.2,,,,9.3,,1026.0,
2020-11-10,8.1,3.8,13.0,,,,8.8,,1028.2,
2020-11-11,9.9,3.8,16.5,,,,7.9,,1031.6,
2020-11-12,11.6,4.9,17.8,,,,7.6,,1030.6,
2020-11-13,12.2,8.9,17.5,,,,7.8,,1028.6,
2020-11-14,13.0,7.1,19.5,,,,8.7,,1029.4,
2020-11-15,11.2,8.5,16.4,,,,8.1,,1027.7,
2020-11-16,13.8,7.8,18.5,,,,8.0,,1026.6,
2020-11-17,16.9,12.0,19.5,,,,10.8,,1023.9,
2020-11-18,17.9,15.1,19.3,6.4,,,12.1,,1016.6,
2020-11-19,10.3,7.3,19.4,89.9,,,19.7,,1008.0,
2020-11-20,1.9,1.0,7.3,2.8,,,15.1,,1019.0,
2020-11-21,8.6,-0.0,12.5,0.0,,,9.3,,1024.1,
2020-11-22,4.1,1.8,9.4,5.1,,,11.9,,1022.6,
2020-11-23,2.2,-1.2,6.0,0.0,,,11.2,,1028.5,
2020-11-24,3.2,0.5,7.9,,,,8.2,,1028.7,
2020-11-25,5.5,0.3,9.5,,,,7.6,,1027.8,
2020-11-26,6.2,2.2,11.0,,,,7.3,,1027.1,
2020-11-27,3.1,-0.2,7.5,,,,12.6,,1026.2,
2020-11-28,-0.3,-2.7,2.9,,,,11.5,,1029.6,
2020-11-29,-0.4,-3.3,2.8,,,,9.8,,1029.9,
2020-11-30,0.2,-3.3,4.5,,,,8.5,,1034.9,
2020-12-01,2.4,-3.3,6.5,,,,8.3,,1035.9,
2020-12-02,2.4,-0.2,6.0,,,,8.8,,1031.4,
2020-12-03,0.1,-2.2,4.3,,,,11.5,,1030.1,
2020-12-04,0.4,-4.3,4.3,,,,8.4,,1030.5,
2020-12-05,3.2,-1.9,6.5,,,,7.8,,1030.0,
2020-12-06,5.4,1.5,8.4,,,,8.0,,1028.5,
2020-12-07,1.8,-0.9,6.3,,,,10.4,,1028.1,
2020-12-08,-0.4,-3.9,3.8,,,,8.6,,1029.6,
2020-12-09,3.6,-3.8,6.0,,,,7.4,,1027.1,
2020-12-10,6.0,2.4,9.5,,,,7.9,,1022.6,
2020-12-11,5.2,3.0,9.4,,,,8.2,,1020.2,
2020-12-12,2.7,-0.0,6.4,,,,9.5,,1019.7,
2020-12-13,-3.1,-6.1,2.0,1.8,,,10.6,,1018.5,
2020-12-14,-7.9,-9.4,-4.9,1.0,,,15.5,,1029.1,
2020-12-15,-8.1,-11.1,-4.9,0.0,,,11.7,,1031.9,
2020-12-16,-7.9,-10.9,-4.1,,,,11.2,,1031.8,
2020-12-17,-2.4,-10.8,0.5,,,,7.4,,1031.2,
2020-12-18,-3.4,-6.1,1.5,0.3,,,11.2,,1028.7,
2020-12-19,-4.5,-9.3,-1.6,0.0,,,10.1,,1033.7,
2020-12-20,-2.9,-7.9,0.5,,,,8.0,,1032.8,
2020-12-21,0.1,-5.7,5.0,,,,7.5,,1029.7,
2020-12-22,2.7,-2.2,7.0,,,,7.8,,1026.5,
2020-12-23,6.0,-0.1,8.8,,,,9.3,,1022.9,
2020-12-24,0.9,-2.1,6.3,,,,13.8,,1018.7,
2020-12-25,-0.1,-4.4,3.5,,,,9.7,,1023.6,
2020-12-26,3.5,-1.8,7.8,,,,8.0,,1024.6,
2020-12-27,6.9,1.7,10.3,,,,9.2,,1021.7,
2020-12-28,6.1,4.3,11.3,1.3,,,6.9,,1023.4,
2020-12-29,-2.6,-5.5,4.5,0.0,,,10.8,,1022.4,
2020-12-30,-11.3,-12.7,-5.9,0.3,,,18.4,,1023.1,
2020-12-31,-7.8,-12.6,-4.9,0.0,,,12.2,,1026.8,
2021-01-01,-3.0,-9.5,1.5,,,,8.4,,1026.3,
2021-01-02,-5.3,-7.3,-1.9,,,,10.4,,1029.1,
2021-01-03,-5.0,-8.8,-2.1,0.0,,,9.1,,1034.1,
2021-01-04,-2.1,-8.1,0.3,0.4,,,7.9,,1032.0,
2021-01-05,-7.1,-9.2,-1.5,0.0,,,12.9,,1030.4,
2021-01-06,-7.8,-11.4,-1.9,39.9,,,9.6,,1025.4,
2021-01-07,-14.9,-16.3,-7.9,2.3,,,20.4,,1025.9,
2021-01-08,-14.1,-18.3,-10.9,0.0,,,13.6,,1025.7,
2021-01-09,-11.1,-16.3,-7.9,0.0,,,10.2,,1025.1,
2021-01-10,-6.5,-12.5,-2.9,0.1,,,7.0,,1027.8,
2021-01-11,-6.3,-9.3,-3.6,0.0,,,7.9,,1027.2,
2021-01-12,-2.1,-9.0,-0.4,1.1,,,7.9,,1018.5,
2021-01-13,2.5,-2.7,8.5,2.5,,,9.6,,1014.9,
2021-01-14,3.3,-3.3,7.0,0.0,,,9.5,,1021.8,
2021-01-15,2.8,0.4,9.5,0.4,,,12.4,,1016.3,
2021-01-16,-6.0,-8.0,-0.4,0.3,,,14.7,,1025.2,
2021-01-17,-3.6,-10.5,-1.2,0.0,,,10.0,,1028.1,
2021-01-18,-5.3,-8.1,-0.1,0.1,,,12.7,,1021.5,
2021-01-19,-4.7,-11.3,-0.2,0.3,,,8.0,,1032.2,
2021-01-20,2.5,-6.3,6.5,0.0,,,9.6,,1030.5,
2021-01-21,5.3,2.8,7.3,11.2,,,9.4,,1023.8,
2021-01-22,5.9,5.1,8.9,9.4,,,8.1,,1019.5,
2021-01-23,7.6,5.3,12.3,0.0,,,17.3,,1019.9,
2021-01-24,7.5,2.7,14.0,0.0,,,10.3,,1025.4,
2021-01-25,8.9,3.3,13.5,0.0,,,9.5,,1026.2,
2021-01-26,4.0,2.5,7.8,0.5,,,8.8,,1020.1,
2021-01-27,2.1,-1.5,6.3,1.8,,,8.9,,1023.8,
2021-01-28,-5.1,-8.1,1.1,0.0,,,18.0,,1016.9,
2021-01-29,-7.1,-11.3,-5.0,2.0,,,16.9,,1026.5,
2021-01-30,-0.5,-7.8,4.8,0.3,,,10.0,,1025.5,
2021-01-31,5.7,-3.5,8.8,0.3,,,9.3,,1026.8,
2021-02-01,2.5,-0.0,8.9,0.8,,,11.7,,1016.8,
2021-02-02,-6.0,-7.4,-1.9,0.0,,,17.4,,1025.9,
2021-02-03,-1.8,-9.1,0.5,3.7,,,9.1,,1026.3,
2021-02-04,-3.0,-7.1,0.3,3.6,,,11.3,,1026.7,
2021-02-05,3.8,-4.1,6.4,0.0,,,9.1,,1021.8,
2021-02-06,7.2,4.6,10.3,0.0,,,9.8,,1015.2,
2021-02-07,1.5,-1.3,7.8,0.0,,,12.2,,1020.7,
2021-02-08,-3.1,-5.4,0.1,0.0,,,15.5,,1028.3,
2021-02-09,0.4,-5.8,4.4,0.0,,,9.1,,1028.7,
2021-02-10,5.0,-1.2,7.3,0.0,,,10.0,,1025.3,
2021-02-11,5.6,1.8,11.1,0.0,,,8.6,,1025.2,
2021-02-12,7.0,2.1,14.4,0.0,,,9.4,,1024.6,
2021-02-13,7.5,2.5,14.1,0.0,,,8.7,,1024.5,
2021-02-14,9.6,6.2,13.8,0.0,,,7.5,,1016.0,
2021-02-15,-1.6,-4.7,8.5,1.5,,,19.8,,1011.0,
2021-02-16,-5.6,-7.1,-2.6,9.9,,,14.6,,1017.3,
2021-02-17,-8.3,-10.2,-5.2,1.5,,,23.3,,1019.1,
2021-02-18,-4.5,-10.3,-1.2,0.0,,,13.6,,1022.1,
2021-02-19,4.5,-6.8,8.8,0.0,,,11.1,,1018.2,
2021-02-20,8.2,4.6,13.5,0.0,,,12.3,,1009.8,
2021-02-21,11.2,5.0,17.3,0.0,,,10.8,,1009.4,
2021-02-22,5.5,0.8,12.5,0.0,,,13.2,,1014.1,
2021-02-23,0.3,-2.8,4.3,0.0,,,12.8,,1026.0,
2021-02-24,4.0,-2.7,9.5,0.0,,,8.0,,1025.8,
2021-02-25,4.6,1.0,8.3,0.0,,,7.2,,1023.8,
2021-02-26,9.4,0.8,15.8,0.0,,,11.1,,1023.5,
2021-02-27,9.7,4.5,15.5,0.0,,,14.1,,1028.1,
2021-02-28,8.7,3.5,13.3,0.0,,,10.3,,1026.5,
2021-03-01,3.3,1.3,9.3,16.3,,,16.6,,1015.7,
2021-03-02,2.5,-0.5,6.4,51.3,,,9.1,,1023.9,
2021-03-03,5.5,-0.9,9.8,0.0,,,8.3,,1029.1,
2021-03-04,7.7,2.8,12.4,0.0,,,8.5,,1024.5,
2021-03-05,9.7,3.3,15.3,0.0,,,8.9,,1021.2,
2021-03-06,6.0,4.3,11.8,0.0,,,13.1,,1026.8,
2021-03-07,6.6,2.1,12.4,0.0,,,11.7,,1028.5,
2021-03-08,7.5,1.8,13.5,0.0,,,8.4,,1026.9,
2021-03-09,6.8,2.4,12.0,0.0,,,9.2,,1025.7,
2021-03-10,9.7,2.0,16.8,0.0,,,8.5,,1028.0,
2021-03-11,11.6,5.0,17.3,0.0,,,7.8,,1026.4,
2021-03-12,9.8,7.9,14.0,2.2,,,10.1,,1021.9,
2021-03-13,9.5,4.9,14.0,0.0,,,10.0,,1021.9,
2021-03-14,9.5,5.2,14.8,0.0,,,9.0,,1020.2,
2021-03-15,11.5,5.4,15.9,1.0,,,10.1,,1017.1,
2021-03-16,7.4,4.8,12.9,3.0,,,14.5,,1015.8,
2021-03-17,9.7,2.1,17.0,0.0,,,8.1,,1019.0,
2021-03-18,13.6,5.3,18.0,0.0,,,7.8,,1019.5,
2021-03-19,15.7,11.7,20.0,0.0,,,8.6,,1018.8,
2021-03-20,8.4,7.2,15.0,5.1,,,9.4,,1013.5,
2021-03-21,5.2,3.9,8.3,5.1,,,18.3,,1014.1,
2021-03-22,6.9,1.4,10.9,0.3,,,14.1,,1020.1,
2021-03-23,10.2,2.8,16.3,0.0,,,12.3,,1020.6,
2021-03-24,11.6,6.0,16.9,0.0,,,9.9,,1020.3,
2021-03-25,11.2,8.0,18.8,0.0,,,8.1,,1021.1,
2021-03-26,14.4,5.1,20.0,0.0,,,6.2,,1020.6,
2021-03-27,12.1,10.8,15.3,21.4,,,9.9,,1011.3,
2021-03-28,8.9,8.0,13.2,33.3,,,14.1,,1003.3,
2021-03-29,9.5,7.9,14.4,1.8,,,14.0,,1007.8,
2021-03-30,11.6,4.4,18.0,0.0,,,9.0,,1012.4,
2021-03-31,16.3,6.2,22.5,0.0,,,7.3,,1014.3,
2021-04-01,18.0,12.3,23.5,0.0,,,12.6,,1018.0,
2021-04-02,19.4,12.8,23.3,0.0,,,12.5,,1019.2,
2021-04-03,13.4,12.1,18.3,50.3,,,11.9,,1012.7,
2021-04-04,11.3,9.1,15.8,56.9,,,14.1,,1014.7,
2021-04-05,13.2,5.7,18.8,0.0,,,9.3,,1021.9,
2021-04-06,13.9,8.8,19.0,0.0,,,9.4,,1020.4,
2021-04-07,14.4,8.3,20.8,0.0,,,9.9,,1019.5,
2021-04-08,13.1,7.5,18.2,0.0,,,10.5,,1018.7,
2021-04-09,14.0,7.9,19.5,0.0,,,10.0,,1023.9,
2021-04-10,12.8,8.0,19.0,0.0,,,10.1,,1030.0,
2021-04-11,16.6,7.8,21.5,0.0,,,7.5,,1029.4,
2021-04-12,13.4,11.9,17.9,18.2,,,9.6,,1019.1,
2021-04-13,8.9,6.1,13.4,30.0,,,16.0,,1012.0,
2021-04-14,9.4,3.4,13.3,0.0,,,12.6,,1018.9,
2021-04-15,13.0,6.6,18.0,0.0,,,8.4,,1018.7,
2021-04-16,10.6,8.7,14.6,1.7,,,11.2,,1015.6,
2021-04-17,9.7,6.4,14.3,0.8,,,11.0,,1014.7,
2021-04-18,10.3,5.9,15.5,0.0,,,12.5,,1016.0,
2021-04-19,13.1,6.1,19.3,0.0,,,10.7,,1017.1,
2021-04-20,15.6,8.4,22.5,0.0,,,7.9,,1020.3,
2021-04-21,20.7,10.6,27.9,0.0,,,7.9,,1021.0,
2021-04-22,21.6,16.4,27.8,0.0,,,9.2,,1018.6,
2021-04-23,18.9,16.6,21.8,1.8,,,11.9,,1018.8,
2021-04-24,17.9,14.1,22.5,0.0,,,10.3,,1019.8,
2021-04-25,18.5,13.3,23.4,0.0,,,9.5,,1019.2,
2021-04-26,16.4,12.6,21.5,0.0,,,9.9,,1020.8,
2021-04-27,15.5,12.7,19.9,0.2,,,8.8,,1017.9,
2021-04-28,14.7,11.5,19.2,6.4,,,12.0,,1015.9,
2021-04-29,14.4,11.3,20.2,0.0,,,8.9,,1006.6,
2021-04-30,11.7,8.9,14.4,30.2,,,10.7,,1003.6,
2021-05-01,9.9,8.3,13.8,0.3,,,11.1,,1005.6,
2021-05-02,13.0,7.6,18.8,9.4,,,10.6,,1015.3,
2021-05-03,15.2,8.7,20.0,0.0,,,9.1,,1018.0,
2021-05-04,14.0,11.8,16.0,0.3,,,8.9,,1010.3,
2021-05-05,13.4,10.3,18.3,19.6,,,16.0,,1011.1,
2021-05-06,17.5,8.2,22.5,0.0,,,11.0,,1015.8,
2021-05-07,13.6,11.6,17.3,13.1,,,15.7,,1006.6,
2021-05-08,14.9,9.2,20.8,8.9,,,16.0,,1004.7,
2021-05-09,16.4,10.3,21.3,0.0,,,13.7,,1009.1,
2021-05-10,12.9,11.2,15.2,15.8,,,6.8,,1013.3,
2021-05-11,20.7,9.7,25.8,0.0,,,10.5,,1013.2,
2021-05-12,22.3,15.8,27.3,16.4,,,10.7,,1011.8,
2021-05-13,23.5,16.9,29.8,0.0,,,7.9,,1011.2,
2021-05-14,25.1,18.3,30.5,0.0,,,7.1,,1011.0,
2021-05-15,22.2,20.3,26.3,7.8,,,6.6,,1006.8,
2021-05-16,17.1,16.1,21.0,33.0,,,8.9,,1000.7,
2021-05-17,15.5,14.5,18.0,49.0,,,6.7,,1006.2,
2021-05-18,17.9,14.0,24.7,2.8,,,7.1,,1010.4,
2021-05-19,21.1,12.7,26.9,0.0,,,8.2,,1011.7,
2021-05-20,18.4,15.4,23.0,10.4,,,9.3,,1006.2,
2021-05-21,16.2,14.4,19.1,5.8,,,8.5,,1005.3,
2021-05-22,19.1,14.1,25.3,2.3,,,9.3,,1010.6,
2021-05-23,20.4,14.6,24.8,0.0,,,7.7,,1011.0,
2021-05-24,19.1,16.4,24.5,0.0,,,10.4,,1007.9,
2021-05-25,14.9,12.3,18.8,8.1,,,13.6,,1006.8,
2021-05-26,19.5,11.8,23.3,0.0,,,12.0,,1007.8,
2021-05-27,15.3,14.8,19.7,7.9,,,12.5,,1001.7,
2021-05-28,15.7,12.7,19.3,12.7,,,12.0,,1000.2,
2021-05-29,15.0,13.5,20.0,0.5,,,9.2,,1005.7,
2021-05-30,20.1,11.1,25.8,0.3,,,8.0,,1008.5,
2021-05-31,20.5,16.8,23.8,22.1,,,7.3,,1010.3,
2021-06-01,20.2,16.2,23.5,3.3,,,8.3,,1013.3,
2021-06-02,24.2,16.9,30.0,0.0,,,8.4,,1012.6,
2021-06-03,17.9,15.8,22.9,17.5,,,7.4,,1004.9,
2021-06-04,19.7,13.6,23.8,18.0,,,12.8,,1001.4,
2021-06-05,21.4,17.3,25.5,0.0,,,14.2,,1000.7,
2021-06-06,23.4,18.7,28.1,0.0,,,9.8,,1005.8,
2021-06-07,21.3,19.7,26.0,0.0,,,7.8,,1012.9,
2021-06-08,24.1,19.1,29.5,0.0,,,6.6,,1014.7,
2021-06-09,26.9,19.8,31.5,0.0,,,6.7,,1014.4,
2021-06-10,24.6,21.9,29.8,6.1,,,7.9,,1011.5,
2021-06-11,21.5,20.4,25.9,10.7,,,11.1,,1009.0,
2021-06-12,25.1,18.5,30.3,0.0,,,7.9,,1011.8,
2021-06-13,24.7,21.3,30.4,0.2,,,7.9,,1008.4,
2021-06-14,25.6,19.2,30.4,0.0,,,7.6,,1005.4,
2021-06-15,22.4,21.8,25.5,0.5,,,9.1,,1004.1,
2021-06-16,24.5,20.2,29.9,1.5,,,12.7,,1005.0,
2021-06-17,22.1,19.9,24.8,0.0,,,9.1,,1005.9,
2021-06-18,20.0,19.4,24.6,5.1,,,10.5,,1001.5,
2021-06-19,22.6,17.8,27.8,1.0,,,8.5,,1000.9,
2021-06-20,23.5,17.9,28.9,0.0,,,10.7,,1000.5,
2021-06-21,24.0,19.5,28.5,0.7,,,9.4,,1003.8,
2021-06-22,22.8,19.8,27.0,4.1,,,8.2,,1007.9,
2021-06-23,22.6,19.0,28.0,13.2,,,8.9,,1010.1,
2021-06-24,23.6,18.8,27.8,7.6,,,8.3,,1011.0,
2021-06-25,24.7,19.8,29.4,0.0,,,7.6,,1010.6,
2021-06-26,22.9,20.2,26.4,4.3,,,7.5,,1010.2,
2021-06-27,25.2,20.1,30.8,0.0,,,7.4,,1007.3,
2021-06-28,24.0,21.3,28.5,38.1,,,8.1,,1005.1,
2021-06-29,24.1,21.5,28.6,0.0,,,7.7,,1005.2,
2021-06-30,24.7,21.3,28.5,7.9,,,6.9,,1006.8,
2021-07-01,27.1,21.7,30.9,6.1,,,7.3,,1006.6,
2021-07-02,27.2,23.9,31.5,0.0,,,8.5,,1008.2,
2021-07-03,22.4,20.0,26.0,34.0,,,13.6,,1006.6,
2021-07-04,21.5,20.1,24.3,78.5,,,10.0,,1003.0,
2021-07-05,23.9,20.4,26.9,2.8,,,8.0,,1009.7,
2021-07-06,26.2,21.3,30.0,0.0,,,6.9,,1006.8,
2021-07-07,26.7,24.2,29.3,18.6,,,6.9,,1007.0,
2021-07-08,26.1,23.8,30.0,15.5,,,7.3,,1004.8,
2021-07-09,25.8,23.8,28.9,0.0,,,7.4,,1005.0,
2021-07-10,26.4,23.4,28.5,0.3,,,8.6,,1007.1,
2021-07-11,25.8,24.1,28.4,0.5,,,9.0,,1009.4,
2021-07-12,29.0,24.1,32.5,0.0,,,7.0,,1009.7,
2021-07-13,29.1,26.5,31.5,0.1,,,6.9,,1009.2,
2021-07-14,30.1,26.4,33.4,0.1,,,7.5,,1011.4,
2021-07-15,28.9,26.5,33.4,0.9,,,7.5,,1014.1,
2021-07-16,29.1,24.5,34.5,2.9,,,7.6,,1014.2,
2021-07-17,29.7,25.0,32.8,1.2,,,8.9,,1012.1,
2021-07-18,29.8,26.0,33.4,0.7,,,9.4,,1011.2,
2021-07-19,26.1,24.4,32.0,3.0,,,7.6,,1012.7,
2021-07-20,28.3,23.9,32.5,0.5,,,5.7,,1014.1,
2021-07-21,31.2,25.6,35.6,0.0,,,7.1,,1012.6,
2021-07-22,31.7,26.8,36.0,0.0,,,7.8,,1010.7,
2021-07-23,31.5,27.4,35.8,0.0,,,7.3,,1009.0,
2021-07-24,32.0,27.2,36.5,0.0,,,6.6,,1007.9,
2021-07-25,31.9,27.5,36.7,0.0,,,8.3,,1006.1,
2021-07-26,31.5,27.7,36.3,0.0,,,8.6,,1004.3,
2021-07-27,31.3,27.6,36.0,0.0,,,8.4,,1002.6,
2021-07-28,30.6,27.4,35.6,0.5,,,8.1,,1002.3,
2021-07-29,29.5,27.4,34.6,0.7,,,7.6,,1001.7,
2021-07-30,31.0,26.1,35.0,0.0,,,7.6,,1000.1,
2021-07-31,30.1,27.1,34.5,3.0,,,9.4,,1000.2,
2021-08-01,27.0,25.5,29.2,0.0,,,5.8,,1000.6,
2021-08-02,26.6,25.0,28.8,22.6,,,6.0,,1002.7,
2021-08-03,28.7,24.4,31.5,0.0,,,6.6,,1007.0,
2021-08-04,29.0,26.8,33.0,3.3,,,6.9,,1008.4,
2021-08-05,29.8,25.9,33.8,2.4,,,7.1,,1006.2,
2021-08-06,27.6,26.5,32.3,1.0,,,7.9,,1003.6,
2021-08-07,28.5,23.7,32.3,0.2,,,7.2,,1003.1,
2021-08-08,26.5,24.8,32.3,1.1,,,6.1,,1003.1,
2021-08-09,28.9,23.6,33.9,12.7,,,8.0,,1002.8,
2021-08-10,27.8,24.5,32.0,0.0,,,8.3,,1006.8,
2021-08-11,27.7,24.4,31.9,0.0,,,7.1,,1009.8,
2021-08-12,26.8,24.4,31.4,0.3,,,7.3,,1009.4,
2021-08-13,27.0,23.7,30.3,0.0,,,7.0,,1006.5,
2021-08-14,25.9,23.8,30.5,0.7,,,10.8,,1007.4,
2021-08-15,27.6,22.0,32.4,0.2,,,8.0,,1013.0,
2021-08-16,27.7,22.8,33.0,0.0,,,9.1,,1013.9,
2021-08-17,25.4,22.5,31.3,3.3,,,8.7,,1010.2,
2021-08-18,24.7,20.9,30.5,13.7,,,10.0,,1010.1,
2021-08-19,26.8,21.3,31.3,1.0,,,9.2,,1011.2,
2021-08-20,27.2,22.9,30.5,0.0,,,8.8,,1011.2,
2021-08-21,23.6,21.8,25.8,0.8,,,10.1,,1003.2,
2021-08-22,24.4,22.8,26.9,62.0,,,8.1,,1007.4,
2021-08-23,22.6,21.3,24.3,0.0,,,7.6,,1009.1,
2021-08-24,24.3,21.4,26.8,8.1,,,10.4,,999.4,
2021-08-25,25.1,23.9,27.5,9.9,,,6.9,,1005.6,
2021-08-26,26.0,23.2,28.0,0.0,,,8.5,,1011.3,
2021-08-27,21.6,20.8,25.8,0.8,,,4.3,,1013.0,
2021-08-28,24.6,20.0,28.3,0.8,,,6.7,,1014.1,
2021-08-29,23.7,22.3,26.4,1.0,,,6.1,,1013.7,
2021-08-30,24.6,21.5,27.9,0.0,,,5.1,,1015.7,
2021-08-31,19.8,18.4,23.4,0.0,,,8.1,,1015.0,
2021-09-01,22.2,18.8,24.0,78.0,,,10.6,,1009.4,
2021-09-02,23.8,21.0,27.0,0.0,,,7.9,,1009.8,
2021-09-03,24.0,20.9,29.3,0.0,,,8.5,,1009.2,
2021-09-04,23.6,18.8,28.8,0.0,,,9.3,,1014.7,
2021-09-05,23.7,19.7,27.3,0.0,,,11.7,,1018.0,
2021-09-06,21.6,18.8,26.5,7.5,,,12.2,,1016.7,
2021-09-07,20.3,17.9,21.3,23.6,,,8.4,,1008.4,
2021-09-08,22.6,19.3,27.0,19.6,,,6.0,,1009.8,
2021-09-09,24.0,19.4,29.3,0.0,,,5.5,,1013.4,
2021-09-10,24.0,19.8,29.0,0.7,,,6.8,,1013.0,
2021-09-11,24.1,20.3,29.5,0.0,,,6.6,,1012.6,
2021-09-12,24.9,19.5,30.0,0.1,,,6.3,,1012.6,
2021-09-13,25.0,21.3,30.5,0.0,,,8.7,,1016.0,
2021-09-14,24.7,20.3,29.8,0.0,,,8.9,,1015.2,
2021-09-15,23.5,20.0,29.0,0.0,,,12.6,,1016.0,
2021-09-16,23.7,18.3,27.4,0.0,,,9.6,,1013.1,
2021-09-17,23.4,20.9,28.3,0.1,,,10.9,,1009.4,
2021-09-18,24.7,19.2,29.5,0.0,,,5.8,,1013.8,
2021-09-19,23.4,21.5,27.8,0.0,,,6.8,,1015.6,
2021-09-20,24.2,19.3,28.3,0.0,,,9.9,,1011.3,
2021-09-21,21.2,19.8,26.4,40.6,,,11.0,,1004.9,
2021-09-22,20.6,17.1,24.4,32.0,,,9.9,,1007.9,
2021-09-23,21.1,17.3,25.9,0.0,,,8.7,,1016.0,
2021-09-24,22.6,17.0,27.0,0.0,,,7.8,,1021.9,
2021-09-25,21.5,19.0,23.3,0.0,,,8.3,,1023.2,
2021-09-26,22.9,18.7,27.5,0.0,,,8.3,,1020.5,
2021-09-27,22.0,19.0,24.9,1.5,,,8.8,,1016.1,
2021-09-28,21.9,19.9,24.5,10.6,,,7.4,,1012.9,
2021-09-29,19.3,18.5,21.5,8.9,,,6.3,,1007.9,
2021-09-30,20.9,16.3,26.0,5.3,,,5.2,,1009.1,
2021-10-01,21.2,17.3,27.5,0.0,,,8.1,,1008.9,
2021-10-02,21.3,16.7,26.5,13.2,,,5.6,,1013.0,
2021-10-03,23.2,17.4,29.0,0.0,,,7.1,,1018.2,
2021-10-04,24.1,19.5,25.8,6.1,,,10.1,,1019.0,
2021-10-05,22.7,22.4,26.8,3.6,,,11.9,,1020.0,
2021-10-06,19.0,18.2,22.0,4.3,,,9.9,,1019.7,
2021-10-07,19.5,18.5,22.0,6.9,,,5.1,,1016.6,
2021-10-08,19.4,17.8,20.3,0.0,,,6.0,,1020.5,
2021-10-09,21.7,18.8,24.3,3.8,,,8.5,,1022.0,
2021-10-10,17.8,15.4,24.4,0.0,,,8.0,,1017.9,
2021-10-11,16.4,12.9,17.8,14.5,,,7.7,,1021.5,
2021-10-12,18.1,16.0,21.5,0.0,,,12.1,,1024.6,
2021-10-13,20.7,15.2,25.3,0.0,,,8.6,,1024.0,
2021-10-14,20.0,17.8,24.0,0.0,,,7.4,,1019.6,
2021-10-15,18.6,17.3,21.8,0.5,,,7.4,,1018.0,
2021-10-16,7.0,4.8,18.4,0.2,,,12.1,,1022.7,
2021-10-17,6.2,1.6,10.9,0.0,,,10.1,,1028.4,
2021-10-18,12.0,3.1,16.0,1.5,,,7.7,,1023.8,
2021-10-19,9.7,8.0,14.8,9.9,,,8.9,,1019.6,
2021-10-20,9.9,4.9,15.8,0.0,,,5.9,,1021.5,
2021-10-21,10.1,5.2,16.0,0.0,,,5.2,,1020.2,
2021-10-22,11.5,5.5,17.5,0.0,,,7.1,,1022.1,
2021-10-23,11.7,6.0,18.5,0.0,,,5.6,,1027.9,
2021-10-24,11.7,6.3,17.9,0.0,,,6.0,,1026.6,
2021-10-25,12.3,6.6,17.5,0.0,,,5.1,,1023.4,
2021-10-26,14.4,8.0,19.0,0.0,,,6.2,,1020.5,
2021-10-27,12.5,10.5,18.3,0.0,,,7.4,,1019.2,
2021-10-28,14.0,7.4,19.8,0.0,,,4.8,,1023.0,
2021-10-29,15.0,10.8,20.8,0.0,,,7.2,,1024.9,
2021-10-30,13.7,11.4,17.9,0.1,,,5.8,,1023.8,
2021-10-31,14.7,9.5,20.3,3.3,,,5.4,,1023.8,
2021-11-01,12.3,10.8,17.0,0.8,,,6.7,,1023.4,
2021-11-02,11.8,8.3,17.0,0.0,,,6.3,,1022.2,
2021-11-03,12.7,7.9,17.3,0.2,,,5.8,,1019.7,
2021-11-04,12.1,8.9,16.3,0.7,,,4.9,,1019.7,
2021-11-05,13.6,8.1,20.5,0.0,,,5.4,,1021.2,
2021-11-06,14.7,9.1,21.4,0.0,,,5.7,,1020.8,
2021-11-07,16.9,10.0,21.3,0.0,,,7.8,,1020.2,
2021-11-08,5.6,5.0,15.8,14.0,,,11.6,,1011.7,
2021-11-09,4.5,3.4,6.8,12.4,,,8.2,,1010.7,
2021-11-10,4.9,1.0,7.4,1.5,,,8.9,,1008.3,
2021-11-11,5.4,2.5,9.4,0.0,,,10.1,,1011.2,
2021-11-12,4.5,1.8,8.5,0.0,,,10.1,,1016.9,
2021-11-13,9.6,0.8,13.3,0.0,,,5.2,,1018.7,
2021-11-14,11.1,8.3,16.5,0.2,,,7.4,,1017.5,
2021-11-15,10.1,6.3,16.0,0.0,,,6.2,,1021.3,
2021-11-16,8.3,4.9,13.5,0.0,,,6.8,,1024.1,
2021-11-17,9.0,3.0,12.5,0.0,,,5.9,,1024.1,
2021-11-18,13.1,8.0,16.0,0.8,,,8.4,,1018.1,
2021-11-19,12.1,11.0,16.8,0.6,,,7.4,,1017.4,
2021-11-20,11.0,7.1,15.8,0.0,,,5.9,,1020.8,
2021-11-21,9.5,8.9,13.4,1.9,,,6.3,,1016.8,
2021-11-22,0.9,-0.1,7.9,7.1,,,15.4,,1015.7,
2021-11-23,-0.0,-3.4,2.3,0.0,,,11.7,,1018.7,
2021-11-24,6.2,-2.3,9.3,0.0,,,6.5,,1017.4,
2021-11-25,4.7,3.4,10.0,0.0,,,7.9,,1018.1,
2021-11-26,3.1,-0.1,7.4,0.0,,,7.7,,1026.6,
2021-11-27,3.6,-1.1,10.3,0.0,,,6.0,,1034.0,
2021-11-28,6.4,-1.0,12.3,0.0,,,5.2,,1034.1,
2021-11-29,9.2,2.8,13.5,0.0,,,5.9,,1027.2,
2021-11-30,3.3,1.4,8.9,17.0,,,12.4,,1011.7,
2021-12-01,-1.6,-2.4,1.7,10.4,,,15.7,,1021.3,
2021-12-02,3.6,-4.3,5.0,0.0,,,7.9,,1019.8,
2021-12-03,0.6,-1.1,4.8,0.5,,,10.4,,1018.3,
2021-12-04,1.8,-2.4,7.0,0.0,,,6.9,,1025.8,
2021-12-05,3.8,-2.0,9.5,0.0,,,5.2,,1029.4,
2021-12-06,6.9,-0.4,12.3,0.0,,,6.1,,1027.2,
2021-12-07,7.1,2.9,13.3,0.0,,,5.0,,1029.2,
2021-12-08,7.1,2.2,13.5,0.0,,,5.1,,1032.2,
2021-12-09,7.7,3.0,9.9,0.0,,,8.2,,1029.8,
2021-12-10,6.7,6.3,8.5,0.4,,,7.8,,1025.1,
2021-12-11,5.9,4.8,9.5,0.8,,,5.1,,1026.3,
2021-12-12,-1.0,-3.2,5.3,0.0,,,11.1,,1025.9,
2021-12-13,-0.3,-5.6,2.0,0.0,,,8.7,,1028.6,
2021-12-14,5.8,-0.4,8.4,0.9,,,7.2,,1021.8,
2021-12-15,7.2,5.8,9.9,3.3,,,6.1,,1019.7,
2021-12-16,4.6,4.5,10.0,0.0,,,6.2,,1018.9,
2021-12-17,-7.8,-9.6,3.5,0.0,,,16.6,,1023.6,
2021-12-18,-3.4,-10.9,-1.6,1.2,,,7.3,,1026.5,
2021-12-19,0.6,-5.5,4.3,3.0,,,7.4,,1022.1,
2021-12-20,7.1,-0.6,11.3,0.0,,,7.7,,1017.2,
2021-12-21,3.5,1.8,8.8,0.0,,,7.5,,1017.0,
2021-12-22,2.7,-2.3,8.3,0.0,,,6.7,,1023.2,
2021-12-23,3.9,-1.2,8.5,0.0,,,4.9,,1024.8,
2021-12-24,-3.9,-6.2,3.5,0.0,,,9.1,,1023.0,
2021-12-25,-12.4,-14.1,-6.9,0.3,,,14.2,,1032.2,
2021-12-26,-11.0,-15.2,-7.2,0.0,,,11.3,,1035.0,
2021-12-27,-5.9,-12.6,-3.7,0.0,,,5.9,,1031.5,
2021-12-28,-2.1,-8.2,-0.6,0.0,,,8.1,,1028.5,
2021-12-29,-0.1,-3.4,5.8,0.3,,,9.7,,1020.0,
2021-12-30,-4.1,-6.4,0.5,0.0,,,11.6,,1025.0,
2021-12-31,-7.0,-8.4,-3.7,0.0,,,13.0,,1031.4,
2022-01-01,-1.7,-9.9,2.3,0.0,,,5.4,,1031.5,
2022-01-02,-2.5,-4.1,2.8,0.3,,,8.7,,1026.6,
2022-01-03,-0.3,-7.7,2.5,0.0,,,6.8,,1026.5,
2022-01-04,-3.5,-4.7,1.3,0.0,,,8.5,,1027.8,
2022-01-05,-1.8,-7.5,2.0,0.0,,,6.2,,1028.1,
2022-01-06,-1.8,-5.6,3.4,0.0,,,8.1,,1028.7,
2022-01-07,-0.9,-5.6,4.8,0.0,,,5.7,,1030.1,
2022-01-08,2.1,-4.7,4.0,0.1,,,5.9,,1024.9,
2022-01-09,0.6,-0.6,5.8,0.0,,,5.9,,1022.3,
2022-01-10,-0.4,-2.9,4.8,1.2,,,6.9,,1021.1,
2022-01-11,-8.4,-9.7,0.5,1.0,,,14.0,,1020.6,
2022-01-12,-6.1,-11.0,-3.6,0.0,,,8.8,,1023.4,
2022-01-13,-6.9,-8.2,-2.9,0.0,,,11.4,,1021.8,
2022-01-14,-3.0,-9.8,1.5,0.0,,,6.4,,1026.0,
2022-01-15,1.0,-5.0,2.0,0.0,,,6.9,,1023.1,
2022-01-16,-4.4,-6.1,2.8,0.0,,,12.0,,1024.6,
2022-01-17,-5.4,-8.9,0.1,9.9,,,8.5,,1027.7,
2022-01-18,-4.5,-9.6,-0.6,0.5,,,8.4,,1028.8,
2022-01-19,-5.9,-6.9,-2.4,30.0,,,7.3,,1025.2,
2022-01-20,-4.0,-9.5,1.0,1.8,,,6.5,,1028.8,
2022-01-21,-1.3,-8.4,4.4,0.0,,,6.4,,1030.5,
2022-01-22,1.9,-4.7,7.0,0.0,,,6.3,,1026.6,
2022-01-23,2.9,-0.3,6.5,0.2,,,6.0,,1022.5,
2022-01-24,5.2,1.6,8.5,0.0,,,12.8,,1021.7,
2022-01-25,2.1,2.3,4.8,0.5,,,8.6,,1020.9,
2022-01-26,0.9,-1.4,6.8,0.3,,,7.6,,1024.2,
2022-01-27,-1.1,-4.2,4.0,0.0,,,8.0,,1025.0,
2022-01-28,-2.7,-5.4,2.3,0.0,,,10.1,,1025.1,
2022-01-29,-3.5,-6.7,0.8,0.0,,,8.3,,1022.7,
2022-01-30,-2.2,-7.7,2.5,0.0,,,8.2,,1022.2,
2022-01-31,0.8,-6.5,4.8,2.0,,,7.2,,1024.0,
2022-02-01,-2.0,-2.2,1.0,2.8,,,9.8,,1024.6,
2022-02-02,-3.0,-5.4,0.1,0.0,,,8.5,,1028.6,
2022-02-03,-3.5,-6.6,0.5,0.0,,,9.2,,1027.3,
2022-02-04,-5.6,-7.7,-0.7,0.0,,,10.4,,1025.4,
2022-02-05,-5.9,-9.4,-2.2,0.0,,,11.4,,1026.4,
2022-02-06,-3.1,-8.1,1.5,0.0,,,9.3,,1027.8,
2022-02-07,-1.3,-7.0,2.3,0.0,,,6.2,,1028.7,
2022-02-08,0.2,-3.7,5.5,0.0,,,6.4,,1027.3,
2022-02-09,1.7,-4.0,7.5,0.0,,,6.6,,1025.9,
2022-02-10,2.1,-2.9,6.8,0.0,,,8.1,,1023.2,
2022-02-11,4.1,-2.3,8.8,0.0,,,6.6,,1026.1,
2022-02-12,5.4,0.2,10.5,0.0,,,6.6,,1025.0,
2022-02-13,4.9,1.9,9.5,0.0,,,6.3,,1022.0,
2022-02-14,1.3,-0.2,8.3,2.2,,,9.9,,1020.2,
2022-02-15,-5.7,-7.2,-0.9,1.8,,,13.3,,1021.9,
2022-02-16,-7.4,-9.1,-4.2,0.0,,,13.4,,1023.8,
2022-02-17,-5.1,-10.4,-0.6,0.0,,,8.7,,1028.2,
2022-02-18,0.6,-7.7,5.8,0.0,,,6.6,,1030.1,
2022-02-19,-2.8,-5.6,3.8,0.0,,,10.5,,1024.1,
2022-02-20,-4.5,-8.1,-0.2,0.0,,,14.7,,1026.2,
2022-02-21,-2.3,-7.8,3.8,0.0,,,9.7,,1027.7,
2022-02-22,-5.1,-7.2,0.1,0.0,,,12.0,,1031.9,
2022-02-23,-4.9,-9.7,-0.4,0.0,,,9.7,,1033.2,
2022-02-24,-0.6,-8.2,3.8,0.0,,,7.5,,1031.0,
2022-02-25,5.5,-3.3,8.4,0.0,,,8.5,,1026.8,
2022-02-26,4.2,2.0,9.5,1.3,,,13.7,,1018.0,
2022-02-27,5.2,-1.3,9.0,1.0,,,10.3,,1021.1,
2022-02-28,7.9,3.0,11.5,0.0,,,5.7,,1021.0,
2022-03-01,3.7,1.3,9.4,2.3,,,8.3,,1014.6,
2022-03-02,4.7,-2.0,8.8,0.0,,,10.1,,1017.7,
2022-03-03,6.1,1.4,12.3,0.0,,,7.7,,1017.7,
2022-03-04,7.2,0.9,14.6,0.2,,,12.5,,1011.9,
2022-03-05,1.7,0.1,7.0,0.0,,,15.3,,1014.9,
2022-03-06,1.6,-2.7,7.0,0.0,,,10.0,,1021.6,
2022-03-07,4.2,-2.4,8.8,0.0,,,7.3,,1020.9,
2022-03-08,6.4,1.4,12.5,0.0,,,6.6,,1019.2,
2022-03-09,8.1,2.0,14.5,0.0,,,7.1,,1021.7,
2022-03-10,9.9,4.5,15.5,0.0,,,7.6,,1020.7,
2022-03-11,11.9,5.4,18.5,0.0,,,6.4,,1018.3,
2022-03-12,14.4,6.6,19.8,1.9,,,9.6,,1015.2,
2022-03-13,11.1,11.0,13.0,44.5,,,6.9,,1010.8,
2022-03-14,6.7,5.8,13.3,0.3,,,11.0,,1011.3,
2022-03-15,7.9,2.6,13.4,8.6,,,7.2,,1014.3,
2022-03-16,11.7,3.9,16.8,0.0,,,7.5,,1016.2,
2022-03-17,10.5,8.3,15.0,0.2,,,9.4,,1019.0,
2022-03-18,6.5,6.0,9.8,1.3,,,16.4,,1012.0,
2022-03-19,4.1,1.2,6.3,9.9,,,10.8,,1008.7,
2022-03-20,4.5,3.0,9.4,4.6,,,8.6,,1018.2,
2022-03-21,5.7,-0.0,11.0,0.0,,,8.5,,1024.0,
2022-03-22,8.2,1.4,13.5,0.0,,,7.9,,1022.2,
2022-03-23,6.4,5.3,8.0,0.0,,,8.4,,1018.3,
2022-03-24,9.0,4.2,12.8,0.1,,,6.3,,1019.2,
2022-03-25,13.9,6.6,17.5,6.4,,,8.9,,1016.3,
2022-03-26,10.2,9.8,14.8,29.5,,,10.8,,1001.6,
2022-03-27,7.3,5.8,12.4,1.3,,,11.4,,1015.1,
2022-03-28,8.8,1.8,15.4,0.0,,,8.2,,1025.3,
2022-03-29,10.9,3.6,15.5,0.0,,,7.7,,1024.8,
2022-03-30,11.7,6.2,15.8,0.8,,,6.8,,1020.7,
2022-03-31,10.1,8.8,14.8,0.8,,,8.9,,1023.2,
2022-04-01,9.1,5.0,15.0,0.0,,,9.3,,1028.6,
2022-04-02,8.5,4.3,14.3,0.0,,,8.4,,1027.4,
2022-04-03,10.4,3.8,17.0,0.0,,,7.6,,1027.8,
2022-04-04,10.4,5.5,16.5,0.0,,,8.1,,1027.8,
2022-04-05,11.5,5.2,15.8,0.0,,,8.2,,1022.7,
2022-04-06,12.4,8.3,17.0,0.1,,,8.6,,1021.1,
2022-04-07,10.2,8.0,15.4,0.1,,,12.1,,1017.8,
2022-04-08,15.4,5.4,19.9,0.0,,,7.6,,1019.1,
2022-04-09,18.1,12.7,24.4,5.1,,,10.9,,1014.6,
2022-04-10,18.4,13.0,25.3,0.0,,,7.4,,1016.1,
2022-04-11,21.0,13.7,26.8,0.0,,,8.6,,1013.1,
2022-04-12,18.9,16.8,26.4,3.0,,,10.6,,1010.5,
2022-04-13,12.7,12.3,16.3,18.0,,,16.3,,1013.9,
2022-04-14,12.5,12.3,15.4,0.0,,,14.3,,1018.0,
2022-04-15,13.4,8.0,19.5,0.2,,,11.0,,1017.8,
2022-04-16,13.4,7.4,20.5,0.0,,,8.8,,1017.5,
2022-04-17,15.4,7.5,22.2,0.0,,,8.6,,1017.8,
2022-04-18,15.0,11.7,21.9,0.0,,,8.6,,1017.6,
2022-04-19,15.6,9.2,22.4,0.0,,,8.7,,1017.1,
2022-04-20,16.1,10.0,22.4,0.0,,,8.2,,1015.9,
2022-04-21,17.7,9.9,23.0,0.0,,,10.3,,1012.0,
2022-04-22,14.3,13.9,17.1,0.2,,,12.4,,1010.3,
2022-04-23,19.3,10.7,25.6,0.0,,,6.1,,1012.0,
2022-04-24,19.4,15.3,24.8,0.1,,,8.5,,1011.0,
2022-04-25,20.5,17.3,23.9,2.7,,,5.0,,1011.0,
2022-04-26,21.0,17.3,29.0,4.4,,,10.8,,1002.6,
2022-04-27,17.7,13.3,24.2,0.0,,,10.1,,1013.7,
2022-04-28,18.0,12.0,26.2,0.0,,,9.1,,1015.9,
2022-04-29,13.5,11.0,16.8,13.4,,,12.2,,1016.1,
2022-04-30,12.7,10.8,18.1,0.3,,,11.0,,1017.8,
2022-05-01,14.0,8.2,19.5,0.0,,,11.2,,1013.1,
2022-05-02,14.5,9.4,19.7,0.2,,,8.7,,1013.0,
2022-05-03,15.4,9.4,21.1,0.0,,,9.5,,1018.5,
2022-05-04,18.9,10.3,25.5,0.0,,,9.4,,1018.6,
2022-05-05,19.5,12.8,26.1,0.0,,,7.7,,1018.5,
2022-05-06,20.3,14.0,25.9,0.0,,,9.2,,1016.2,
2022-05-07,18.5,15.6,23.4,0.2,,,10.7,,1016.5,
2022-05-08,14.6,12.1,18.5,4.7,,,9.8,,1019.0,
2022-05-09,19.2,11.3,25.6,0.2,,,8.1,,1017.9,
2022-05-10,20.9,13.9,26.6,0.1,,,7.6,,1016.0,
2022-05-11,19.4,17.0,25.5,0.0,,,8.7,,1014.7,
2022-05-12,21.6,14.4,28.4,0.0,,,6.8,,1011.1,
2022-05-13,18.7,15.6,25.5,0.0,,,7.6,,1007.3,
2022-05-14,15.6,12.3,20.3,0.0,,,11.7,,1011.4,
2022-05-15,16.6,10.8,22.7,0.0,,,10.5,,1013.9,
2022-05-16,18.3,11.2,24.0,0.1,,,10.4,,1011.2,
2022-05-17,21.0,13.3,27.7,0.0,,,9.3,,1012.3,
2022-05-18,20.4,16.0,25.7,0.2,,,9.8,,1015.0,
2022-05-19,20.1,16.6,24.5,0.0,,,11.3,,1016.0,
2022-05-20,21.1,15.9,26.1,0.0,,,8.1,,1013.6,
2022-05-21,20.0,16.9,26.3,0.0,,,8.8,,1009.4,
2022-05-22,21.2,16.0,26.1,0.0,,,8.9,,1007.5,
2022-05-23,23.1,18.2,31.0,0.0,,,8.6,,1011.1,
2022-05-24,23.2,17.0,30.5,0.0,,,7.8,,1013.7,
2022-05-25,20.4,17.3,27.0,2.7,,,8.9,,1008.8,
2022-05-26,19.5,14.4,23.8,,,,13.9,,1004.2,
2022-05-27,20.2,16.4,25.9,0.0,,,12.3,,1000.7,
2022-05-28,23.5,15.3,29.6,0.0,,,9.9,,1004.6,
2022-05-29,23.6,19.6,30.0,0.0,,,8.3,,1005.0,
2022-05-30,19.7,17.8,25.0,1.8,,,9.2,,1002.1,
2022-05-31,21.5,14.5,27.5,0.0,,,9.5,,1007.2,
2022-06-01,22.5,16.5,28.9,0.0,,,9.3,,1005.9,
2022-06-02,22.2,17.4,27.2,0.0,,,9.3,,1006.9,
2022-06-03,25.2,19.0,32.9,0.0,,,7.1,,1009.0,
2022-06-04,26.4,20.6,30.0,0.0,,,5.8,,1009.5,
2022-06-05,21.7,20.5,27.3,9.4,,,8.7,,1003.1,
2022-06-06,19.3,17.2,24.8,12.6,,,11.3,,1001.1,
2022-06-07,21.3,15.4,25.4,0.0,,,10.1,,1006.8,
2022-06-08,21.8,16.5,26.1,0.5,,,8.2,,1010.7,
2022-06-09,20.9,18.9,24.8,6.4,,,5.8,,1012.8,
2022-06-10,21.4,17.5,26.9,1.3,,,6.8,,1013.6,
2022-06-11,25.6,18.0,33.0,0.4,,,7.9,,1011.9,
2022-06-12,25.1,19.2,31.8,0.0,,,9.3,,1011.7,
2022-06-13,23.4,19.9,29.5,18.6,,,9.2,,1008.9,
2022-06-14,20.7,18.9,27.4,0.0,,,15.1,,1008.4,
2022-06-15,18.6,15.2,20.4,23.4,,,8.4,,1006.1,
2022-06-16,20.6,18.0,25.1,0.7,,,8.4,,1007.3,
2022-06-17,24.3,16.8,28.4,0.0,,,6.7,,1007.8,
2022-06-18,23.6,22.3,25.4,0.1,,,6.0,,1007.2,
2022-06-19,23.8,22.6,25.4,0.0,,,5.8,,1007.5,
2022-06-20,25.5,22.4,29.3,0.0,,,4.7,,1004.7,
2022-06-21,27.0,21.5,32.9,0.0,,,7.2,,1003.3,
2022-06-22,26.6,22.2,31.3,0.0,,,8.2,,1006.7,
2022-06-23,24.0,23.6,26.7,62.7,,,9.3,,1000.2,
2022-06-24,23.1,20.9,25.2,19.3,,,12.1,,997.0,
2022-06-25,27.1,21.8,30.8,1.1,,,10.5,,1003.4,
2022-06-26,27.0,25.1,28.4,2.4,,,9.6,,1007.7,
2022-06-27,27.4,25.7,28.4,1.5,,,9.4,,1007.0,
2022-06-28,26.6,26.6,28.2,1.8,,,20.5,,1002.3,
2022-06-29,24.9,24.8,26.4,9.9,,,14.2,,1003.7,
2022-06-30,22.6,21.5,24.8,112.0,,,8.5,,1010.0,
2022-07-01,27.4,22.2,31.2,1.5,,,7.5,,1013.9,
2022-07-02,29.2,24.3,34.1,0.0,,,5.7,,1012.5,
2022-07-03,30.1,24.7,34.5,0.0,,,6.4,,1008.5,
2022-07-04,29.5,26.7,32.9,2.0,,,6.0,,1005.1,
2022-07-05,29.4,27.0,33.4,10.3,,,5.7,,1004.5,
2022-07-06,29.6,26.5,33.6,16.4,,,7.8,,1006.5,
2022-07-07,28.1,26.8,31.3,18.2,,,9.8,,1005.2,
2022-07-08,25.9,25.1,28.2,7.4,,,10.5,,1002.7,
2022-07-09,27.5,24.3,31.2,1.0,,,5.9,,1002.3,
2022-07-10,29.3,24.9,35.4,1.9,,,5.6,,1004.1,
2022-07-11,26.8,25.0,30.9,11.0,,,7.0,,1005.2,
2022-07-12,27.9,23.5,29.7,0.4,,,8.0,,1007.3,
2022-07-13,24.6,24.3,27.4,59.9,,,6.6,,1002.6,
2022-07-14,26.0,23.6,30.2,1.6,,,8.4,,999.5,
2022-07-15,26.5,23.3,30.6,0.5,,,8.3,,999.7,
2022-07-16,24.9,23.8,28.0,340.1,,,7.5,,997.9,
2022-07-17,26.1,22.8,29.8,0.0,,,6.6,,1000.1,
2022-07-18,27.4,23.4,30.4,0.0,,,7.8,,999.2,
2022-07-19,27.7,24.6,31.3,2.1,,,8.3,,1001.3,
2022-07-20,26.3,25.3,30.5,1.9,,,7.8,,1005.9,
2022-07-21,24.0,21.1,25.5,115.1,,,10.0,,1002.0,
2022-07-22,25.5,23.2,27.5,52.1,,,6.6,,1005.2,
2022-07-23,24.7,22.8,28.3,0.0,,,7.4,,1004.8,
2022-07-24,25.9,22.3,28.7,4.2,,,7.9,,1001.9,
2022-07-25,28.1,23.9,32.3,0.0,,,6.9,,1007.9,
2022-07-26,29.7,24.7,33.4,0.0,,,6.7,,1009.0,
2022-07-27,29.3,26.7,33.7,0.0,,,7.5,,1009.0,
2022-07-28,30.6,25.4,34.7,0.1,,,9.0,,1010.2,
2022-07-29,31.0,27.6,34.6,6.2,,,7.5,,1011.5,
2022-07-30,31.2,27.6,35.9,9.9,,,9.8,,1009.1,
2022-07-31,26.8,25.8,29.3,223.0,,,9.1,,1006.2,
2022-08-01,29.2,25.7,32.7,0.0,,,8.9,,1005.2,
2022-08-02,26.8,26.3,28.8,15.0,,,10.4,,1007.7,
2022-08-03,27.8,25.5,30.3,56.9,,,9.6,,1009.7,
2022-08-04,29.4,26.3,33.2,5.0,,,8.9,,1009.3,
2022-08-05,29.7,27.3,33.0,0.8,,,8.9,,1005.9,
2022-08-06,29.0,27.7,30.6,15.7,,,5.8,,1005.6,
2022-08-07,29.4,27.5,32.0,16.4,,,9.2,,1005.8,
2022-08-08,26.4,25.4,28.7,55.1,,,12.8,,1005.6,
2022-08-09,24.3,22.9,26.8,67.1,,,9.1,,1005.4,
2022-08-10,25.7,21.7,29.1,31.9,,,5.4,,1005.7,
2022-08-11,25.2,23.0,27.8,53.3,,,6.7,,1004.0,
2022-08-12,27.9,23.3,32.7,0.0,,,6.2,,1005.7,
2022-08-13,26.0,25.1,27.8,34.3,,,4.5,,1005.5,
2022-08-14,28.6,24.8,31.8,5.7,,,7.1,,1005.2,
2022-08-15,27.6,27.6,30.1,19.0,,,17.6,,1000.5,
2022-08-16,26.7,24.4,30.3,0.0,,,9.4,,1002.6,
2022-08-17,26.0,23.2,30.8,5.5,,,7.3,,1005.6,
2022-08-18,26.0,22.7,30.1,0.0,,,7.2,,1007.1,
2022-08-19,26.8,23.6,27.8,74.8,,,8.4,,1002.6,
2022-08-20,28.4,26.0,32.3,0.3,,,8.4,,1001.1,
2022-08-21,28.5,25.0,32.3,0.6,,,6.4,,1004.3,
2022-08-22,26.2,23.3,30.5,4.3,,,8.4,,1003.9,
2022-08-23,25.6,22.7,30.5,7.2,,,7.3,,1005.4,
2022-08-24,24.9,22.7,28.2,1.2,,,9.0,,1007.6,
2022-08-25,22.1,21.5,24.3,3.2,,,6.6,,1007.4,
2022-08-26,23.7,20.3,28.7,0.7,,,8.5,,1007.0,
2022-08-27,21.1,18.0,25.8,18.0,,,10.3,,1009.6,
2022-08-28,24.0,16.4,28.7,0.0,,,6.1,,1014.2,
2022-08-29,20.5,19.9,22.8,2.2,,,7.8,,1015.3,
2022-08-30,19.7,18.2,20.6,22.1,,,9.0,,1011.6,
2022-08-31,21.8,18.6,25.2,1.0,,,6.9,,1008.3,
2022-09-01,24.9,18.6,30.7,0.0,,,5.8,,1012.8,
2022-09-02,25.0,20.6,30.1,0.0,,,11.4,,1015.4,
2022-09-03,24.5,20.9,29.5,0.0,,,12.5,,1014.2,
2022-09-04,22.5,20.1,24.3,15.0,,,10.8,,1009.4,
2022-09-05,18.4,18.1,23.0,48.0,,,11.4,,1007.4,
2022-09-06,21.9,17.3,26.6,31.7,,,13.5,,1004.3,
2022-09-07,22.6,18.3,28.4,0.0,,,7.6,,1016.2,
2022-09-08,24.0,17.0,29.8,0.0,,,6.0,,1017.7,
2022-09-09,24.7,19.2,31.1,0.0,,,6.4,,1016.9,
2022-09-10,24.4,19.3,28.7,0.0,,,9.6,,1017.2,
2022-09-11,23.4,20.9,26.7,0.3,,,8.0,,1014.9,
2022-09-12,24.6,20.6,27.8,0.0,,,5.5,,1013.8,
2022-09-13,25.0,22.1,26.7,0.8,,,8.8,,1015.4,
2022-09-14,24.5,23.2,28.2,0.0,,,16.4,,1015.6,
2022-09-15,25.9,22.3,28.6,0.0,,,13.2,,1011.2,
2022-09-16,26.0,23.8,30.2,35.9,,,10.8,,1007.2,
2022-09-17,25.8,23.6,29.4,11.6,,,5.2,,1007.8,
2022-09-18,27.6,23.3,32.7,0.0,,,6.7,,1004.0,
2022-09-19,22.8,20.7,29.9,0.0,,,12.3,,1001.2,
2022-09-20,19.3,16.5,24.9,0.0,,,8.2,,1012.7,
2022-09-21,20.0,13.3,25.5,0.0,,,6.7,,1016.6,
2022-09-22,20.4,14.5,24.9,0.0,,,7.4,,1015.1,
2022-09-23,17.0,15.5,21.8,2.2,,,11.3,,1012.4,
2022-09-24,19.6,12.6,24.4,0.0,,,6.8,,1016.5,
2022-09-25,20.0,15.8,25.3,0.0,,,5.7,,1016.0,
2022-09-26,20.1,15.3,25.5,0.0,,,6.2,,1016.5,
2022-09-27,21.5,14.3,28.0,0.0,,,5.8,,1015.5,
2022-09-28,20.7,16.4,26.0,0.0,,,6.8,,1013.5,
2022-09-29,20.4,16.8,26.5,0.0,,,5.3,,1014.3,
2022-09-30,21.0,15.3,28.0,0.0,,,5.9,,1015.8,
2022-10-01,22.2,14.7,27.8,0.0,,,5.8,,1017.3,
2022-10-02,19.4,17.5,21.8,25.3,,,9.5,,1016.0,
2022-10-03,22.0,17.8,23.5,112.7,,,8.9,,1011.6,
2022-10-04,16.5,14.8,23.3,17.6,,,10.8,,1011.8,
2022-10-05,16.7,14.4,21.5,6.1,,,7.9,,1019.0,
2022-10-06,15.6,13.0,19.0,1.2,,,7.5,,1019.3,
2022-10-07,14.5,11.3,18.6,0.4,,,9.2,,1019.7,
2022-10-08,16.7,11.4,21.8,0.0,,,8.6,,1023.7,
2022-10-09,12.2,11.1,14.7,24.2,,,7.8,,1018.3,
2022-10-10,9.4,8.5,12.0,0.8,,,12.7,,1013.5,
2022-10-11,11.5,7.7,16.5,0.0,,,7.8,,1021.0,
2022-10-12,14.9,6.8,20.8,0.0,,,6.8,,1026.2,
2022-10-13,17.3,11.0,23.0,0.0,,,5.3,,1025.0,
2022-10-14,17.9,12.9,23.3,0.0,,,5.9,,1020.1,
2022-10-15,18.9,12.9,24.4,0.0,,,5.2,,1018.7,
2022-10-16,16.5,15.5,20.5,0.0,,,6.2,,1018.0,
2022-10-17,9.7,8.4,15.4,0.0,,,13.2,,1019.5,
2022-10-18,9.4,6.0,14.4,0.0,,,9.1,,1022.7,
2022-10-19,11.3,4.7,16.9,0.0,,,6.3,,1025.7,
2022-10-20,14.4,6.3,20.0,0.0,,,6.7,,1027.5,
2022-10-21,14.7,9.8,20.9,0.0,,,6.6,,1024.5,
2022-10-22,16.1,10.8,21.0,0.0,,,6.7,,1020.9,
2022-10-23,13.0,11.0,18.8,0.0,,,9.6,,1018.7,
2022-10-24,10.2,8.3,15.0,0.0,,,9.7,,1021.1,
2022-10-25,12.1,6.2,17.5,0.0,,,7.3,,1027.7,
2022-10-26,13.4,8.3,18.0,0.0,,,6.8,,1027.6,
2022-10-27,13.4,9.0,18.9,0.0,,,5.8,,1025.3,
2022-10-28,14.5,8.5,20.5,0.0,2.0,,5.8,,1025.7,
2022-10-29,15.2,10.5,21.4,0.0,,,6.7,,1026.0,
2022-10-30,15.4,10.7,21.4,0.0,,,6.6,,1025.0,
2022-10-31,15.1,11.5,20.9,0.0,,,7.5,,1023.9,
2022-11-01,12.2,10.8,17.8,0.2,,,6.3,,1021.8,
2022-11-02,11.7,5.8,17.8,0.0,,,6.5,,1021.0,
2022-11-03,8.2,6.9,13.4,0.0,,,7.2,,1019.5,
2022-11-04,4.8,2.0,9.9,0.0,,,10.5,,1023.2,
2022-11-05,8.0,1.1,13.5,0.0,,,6.0,,1025.1,
2022-11-06,10.6,4.0,16.8,0.0,,,6.4,,1024.3,
2022-11-07,12.9,6.4,16.5,0.3,,,5.9,,1022.9,
2022-11-08,12.2,10.0,17.8,0.5,,,5.3,,1024.2,
2022-11-09,12.4,7.0,16.3,0.0,,,5.4,,1025.2,
2022-11-10,14.2,9.1,19.4,0.0,,,4.2,,1024.4,
2022-11-11,16.2,11.2,22.3,0.0,,,6.4,,1024.8,
2022-11-12,16.2,12.0,22.3,49.4,,,7.8,,1016.4,
2022-11-13,10.1,9.4,17.5,0.5,,,9.6,,1014.4,
2022-11-14,8.8,6.9,13.9,0.6,,,8.7,,1018.1,
2022-11-15,8.7,4.3,12.4,0.1,,,7.0,,1016.9,
2022-11-16,9.0,5.8,13.0,0.7,,,6.4,,1019.8,
2022-11-17,10.6,5.7,16.4,0.0,,,5.8,,1023.6,
2022-11-18,12.0,5.6,18.3,0.0,,,5.3,,1026.0,
2022-11-19,13.7,9.0,19.3,0.0,,,8.4,,1022.7,
2022-11-20,13.7,9.8,19.5,0.0,,,6.3,,1019.6,
2022-11-21,11.7,9.8,16.4,0.0,,,5.9,,1021.0,
2022-11-22,11.7,7.3,14.0,0.0,,,6.9,,1021.2,
2022-11-23,10.0,7.8,15.0,0.9,,,7.5,,1017.6,
2022-11-24,10.2,6.2,14.0,0.0,,,5.1,,1020.7,
2022-11-25,13.1,7.4,18.0,6.3,,,10.1,,1017.5,
2022-11-26,4.2,1.8,13.3,0.0,,,10.9,,1017.9,
2022-11-27,8.5,-0.8,11.5,0.0,,,8.5,,1020.8,
2022-11-28,13.9,7.8,15.3,21.3,,,9.8,,1014.8,
2022-11-29,2.2,-0.4,15.3,5.8,13.0,,12.3,,1016.0,
2022-11-30,-5.8,-7.6,-1.2,0.0,,,15.0,,1031.8,
2022-12-01,-4.5,-9.1,-0.9,0.0,,,8.7,,1032.3,
2022-12-02,-0.0,-7.3,3.0,0.0,,,6.0,,1030.6,
2022-12-03,1.6,0.1,7.0,1.9,,,9.5,,1025.3,
2022-12-04,-3.8,-4.4,0.1,0.0,,,10.1,,1031.6,
2022-12-05,-1.8,-6.7,2.0,0.0,,,8.4,,1030.2,
2022-12-06,2.9,-3.6,5.5,0.0,,,8.6,,1023.4,
2022-12-07,4.9,1.5,9.0,0.0,,,9.5,,1022.6,
2022-12-08,4.4,0.4,9.0,0.0,,,5.1,,1025.8,
2022-12-09,4.6,1.3,10.4,0.0,,,7.2,,1022.7,
2022-12-10,2.6,-0.2,6.8,0.0,,,4.8,,1020.7,
2022-12-11,1.8,-1.2,7.0,0.0,,,6.5,,1023.1,
2022-12-12,3.4,-1.7,6.5,2.5,,,5.9,,1020.5,
2022-12-13,-2.6,-5.1,3.4,0.6,,,12.6,,1017.6,
2022-12-14,-7.1,-10.7,-4.9,0.0,,,11.7,,1028.0,
2022-12-15,-4.3,-8.2,-0.9,3.6,,,8.9,,1024.8,
2022-12-16,-5.6,-9.4,-1.9,0.0,,,7.9,,1030.6,
2022-12-17,-7.6,-9.1,-3.1,0.3,,,9.6,,1026.0,
2022-12-18,-9.1,-12.1,-5.7,0.0,,,9.0,,1023.5,
2022-12-19,-5.9,-11.7,-2.4,0.0,,,5.8,,1026.7,
2022-12-20,-0.5,-9.2,2.8,0.0,,,7.9,,1027.1,
2022-12-21,-1.4,-1.6,2.9,6.1,100.0,,9.5,,1012.6,
2022-12-22,-9.5,-10.6,-2.2,0.0,,,16.2,,1010.7,
2022-12-23,-11.4,-13.4,-8.9,0.0,,,15.9,,1013.5,
2022-12-24,-6.9,-13.2,-1.7,0.0,,,6.0,,1020.7,
2022-12-25,-4.4,-9.3,0.1,0.0,,,6.5,,1023.6,
2022-12-26,-3.4,-7.6,1.8,0.0,,,4.9,,1026.2,
2022-12-27,-1.1,-7.0,3.3,0.0,,,6.4,,1029.0,
2022-12-28,-4.1,-5.1,0.1,0.0,,,8.8,,1030.1,
2022-12-29,-1.1,-7.5,2.0,0.0,,,6.2,,1032.6,
2022-12-30,-1.8,-3.7,2.4,0.2,,,6.9,,1031.8,
2022-12-31,0.4,-4.8,2.4,0.0,,,4.9,,1030.7,
2023-01-01,-1.8,-3.1,4.0,0.0,,,9.5,,1030.5,
2023-01-02,-4.8,-6.9,-0.1,0.0,,,9.0,,1032.3,
2023-01-03,-3.4,-8.7,0.5,0.0,,,6.8,,1030.8,
2023-01-04,-1.4,-5.4,3.3,0.0,,,6.8,,1030.5,
2023-01-05,-1.0,-5.3,3.5,0.0,,,6.3,,1030.8,
2023-01-06,2.5,-4.4,5.5,3.4,,,7.6,,1023.1,
2023-01-07,0.5,-0.6,4.0,0.4,,,8.3,,1018.6,
2023-01-08,3.5,-3.4,6.3,0.0,,,5.8,,1024.6,
2023-01-09,1.4,-0.7,7.0,0.0,,,8.4,,1024.2,
2023-01-10,2.6,-3.6,9.0,0.0,,,5.4,,1028.6,
2023-01-11,3.3,-1.7,9.0,0.0,,,5.5,,1026.1,
2023-01-12,8.0,-0.3,12.8,0.0,,,7.7,,1022.5,
2023-01-13,9.1,5.4,10.3,35.6,2.0,,9.1,,1011.4,
2023-01-14,5.4,4.3,8.8,0.0,,,8.9,,1013.2,
2023-01-15,-2.0,-2.9,4.0,2.2,,,10.5,,1017.6,
2023-01-16,-4.6,-6.5,-1.2,0.0,,,9.9,,1025.0,
2023-01-17,-2.3,-6.7,-0.2,0.0,,,6.5,,1026.8,
2023-01-18,-1.9,-4.2,2.5,0.0,,,7.4,,1026.3,
2023-01-19,1.5,-5.7,4.5,1.8,,,8.6,,1023.5,
2023-01-20,-4.4,-8.0,2.0,0.3,,,14.2,,1026.6,
2023-01-21,-2.5,-10.2,1.4,0.0,,,7.5,,1031.2,
2023-01-22,0.2,-2.5,2.6,0.0,,,8.7,,1026.9,
2023-01-23,-4.0,-5.6,4.5,0.0,,,9.7,,1023.5,
2023-01-24,-15.4,-16.4,-6.6,0.0,,,17.7,,1029.3,
2023-01-25,-8.6,-17.0,-5.2,0.0,,,7.8,,1031.1,
2023-01-26,-5.3,-8.7,-3.2,0.3,,,8.7,,1024.3,
2023-01-27,-7.7,-8.9,-3.9,0.0,,,12.6,,1023.1,
2023-01-28,-4.6,-10.9,-0.4,0.0,,,8.6,,1022.5,
2023-01-29,-0.3,-7.7,4.8,0.0,,,9.7,,1019.1,
2023-01-30,-0.2,-4.1,4.0,0.0,,,8.2,,1023.0,
2023-01-31,4.4,-3.2,8.1,0.0,,,9.2,,1018.3,
2023-02-01,-0.3,-1.9,6.3,0.0,,,12.2,,1018.8,
2023-02-02,-1.8,-4.8,1.5,0.0,,,8.7,,1027.1,
2023-02-03,-1.3,-3.9,3.5,0.0,,,7.9,,1023.6,
2023-02-04,0.8,-4.9,6.0,0.0,,,7.4,,1024.6,
2023-02-05,2.5,-3.0,7.0,0.0,,,6.6,,1024.9,
2023-02-06,3.7,-1.4,9.0,0.0,,,5.8,,1022.6,
2023-02-07,3.7,-0.2,9.8,0.0,,,5.2,,1021.2,
2023-02-08,2.0,-0.9,7.9,0.0,,,9.2,,1025.9,
2023-02-09,6.0,-2.5,10.0,0.1,,,8.7,,1027.0,
2023-02-10,2.9,2.3,6.3,1.0,,,8.8,,1020.8,
2023-02-11,3.2,-0.9,8.5,0.0,,,6.8,,1023.2,
2023-02-12,5.6,-0.6,7.5,0.0,,,6.2,,1022.1,
2023-02-13,4.4,3.8,8.5,0.1,,,8.5,,1018.1,
2023-02-14,2.1,-2.2,6.5,0.0,,,9.2,,1022.3,
2023-02-15,4.4,-0.9,9.0,0.0,,,9.3,,1028.3,
2023-02-16,1.5,0.1,4.8,0.0,,,9.3,,1030.2,
2023-02-17,5.2,-1.2,9.8,0.0,,,6.4,,1027.6,
2023-02-18,6.0,3.3,8.4,0.0,,,5.0,,1020.4,
2023-02-19,2.4,0.8,6.3,0.0,,,11.3,,1018.5,
2023-02-20,-1.4,-2.9,2.5,0.0,,,12.1,,1025.9,
2023-02-21,-0.6,-5.0,4.8,0.0,,,7.9,,1034.2,
2023-02-22,2.2,-4.2,8.0,0.0,,,7.4,,1030.6,
2023-02-23,4.2,-1.5,9.0,0.0,,,7.1,,1024.4,
2023-02-24,2.6,0.8,8.8,0.0,,,10.4,,1024.0,
2023-02-25,0.7,-2.4,5.8,0.0,18.0,,10.4,,1031.2,
2023-02-26,3.1,-3.1,9.3,0.0,,,7.8,,1036.2,
2023-02-27,4.9,-1.5,12.5,0.0,,,6.6,,1034.1,
2023-02-28,6.3,-0.4,8.8,0.0,,,6.8,,1027.6,
2023-03-01,4.6,3.5,9.3,0.0,,,10.4,,1021.8,
2023-03-02,2.5,-1.5,6.8,0.0,,,9.7,,1027.0,
2023-03-03,6.1,-1.2,10.7,0.0,,,7.9,,1027.4,
2023-03-04,7.7,4.0,14.0,0.0,,,6.4,,1028.3,
2023-03-05,8.3,2.9,15.5,0.0,,,6.3,,1027.2,
2023-03-06,10.6,2.5,16.5,0.0,,,7.6,,1023.1,
2023-03-07,12.1,6.6,19.5,0.2,,,8.1,,1019.6,
2023-03-08,14.0,7.7,17.3,7.7,,,7.3,,1018.7,
2023-03-09,9.0,7.9,13.4,1.2,,,8.6,,1015.0,
2023-03-10,15.1,6.5,22.4,0.0,,,7.6,,1018.1,
2023-03-11,15.2,10.5,22.5,0.0,,,9.0,,1020.8,
2023-03-12,3.1,1.3,12.9,5.0,,,13.2,,1019.4,
2023-03-13,4.6,-1.6,7.5,0.0,,,11.3,,1022.5,
2023-03-14,10.6,3.6,15.5,0.0,,,10.4,,1017.8,
2023-03-15,7.1,4.8,14.5,0.0,,,10.8,,1019.4,
2023-03-16,5.0,0.7,8.8,0.0,,,8.9,,1028.4,
2023-03-17,8.2,1.0,12.9,0.0,,,5.8,,1024.3,
2023-03-18,7.9,2.8,13.9,0.0,,,9.0,,1018.9,
2023-03-19,8.6,2.6,15.4,0.0,,,7.6,,1019.8,
2023-03-20,10.4,2.9,17.3,0.3,,,6.1,,1015.8,
2023-03-21,14.5,5.3,22.3,0.0,,,5.7,,1011.9,
2023-03-22,18.9,9.5,24.9,0.0,,,6.2,,1009.4,
2023-03-23,15.7,13.8,23.4,1.5,,,9.4,,1005.9,
2023-03-24,13.0,7.9,18.5,0.0,,,8.0,,1014.1,
2023-03-25,12.5,8.5,18.5,0.0,,,8.0,,1017.6,
2023-03-26,8.1,5.5,13.9,0.7,,,12.7,,1017.0,
2023-03-27,7.9,2.2,14.5,0.0,,,8.4,,1021.4,
2023-03-28,10.0,3.1,15.5,0.0,,,7.8,,1023.6,
2023-03-29,12.6,5.4,19.9,0.0,,,6.8,,1022.2,
2023-03-30,13.9,6.7,21.3,0.0,,,8.2,,1019.3,
2023-03-31,15.9,7.8,23.8,0.0,,,7.5,,1018.0,
2023-04-01,18.6,9.7,25.8,0.0,,,6.6,,1015.6,
2023-04-02,18.9,12.4,25.4,0.0,,,8.8,,1018.1,
2023-04-03,20.3,11.6,26.0,0.0,,,8.8,,1021.3,
2023-04-04,16.7,13.8,21.9,7.4,,,8.6,,1018.4,
2023-04-05,11.1,9.0,15.0,37.5,34.0,,12.3,,1008.8,
2023-04-06,8.2,8.0,9.9,1.6,,,9.3,,1010.0,
2023-04-07,8.6,5.4,15.8,0.0,,,10.5,,1013.5,
2023-04-08,9.2,3.4,14.9,0.0,,,11.9,,1018.3,
2023-04-09,11.7,3.8,17.8,0.0,,,9.1,,1019.0,
2023-04-10,15.4,6.5,19.3,0.0,,,9.8,,1015.0,
2023-04-11,11.4,10.3,17.5,5.9,,,12.6,,1010.0,
2023-04-12,10.4,5.1,15.3,0.0,,,9.4,,1017.1,
2023-04-13,14.1,5.4,17.4,0.0,,,7.0,,1017.4,
2023-04-14,16.8,12.2,21.3,0.0,,,5.8,,1013.1,
2023-04-15,11.9,10.4,16.5,5.8,,,7.8,,1004.8,
2023-04-16,11.1,7.8,16.3,0.0,,,8.9,,1004.8,
2023-04-17,15.1,7.1,18.3,0.2,,,7.9,,1014.3,
2023-04-18,14.0,11.0,18.5,19.1,,,9.6,,1011.2,
2023-04-19,20.2,11.8,28.5,0.0,,,8.8,,1009.2,
2023-04-20,15.3,14.8,19.3,0.0,,,8.9,,1009.7,
2023-04-21,17.0,11.7,22.8,0.0,,,9.2,,1011.8,
2023-04-22,16.9,12.5,22.5,0.0,,,9.2,,1018.6,
2023-04-23,16.7,11.0,22.3,0.0,,,7.8,,1022.2,
2023-04-24,15.4,12.5,21.3,0.0,,,10.0,,1022.0,
2023-04-25,10.9,9.3,13.3,0.8,,,6.8,,1016.1,
2023-04-26,9.4,8.3,13.5,0.6,,,11.6,,1013.0,
2023-04-27,14.3,5.4,20.0,0.0,,,7.1,,1019.6,
2023-04-28,17.4,9.3,21.6,1.4,,,7.8,,1016.2,
2023-04-29,11.5,10.3,16.0,11.5,,,9.8,,1006.6,
2023-04-30,13.5,8.2,17.8,0.9,,,11.6,,1009.5,
2023-05-01,14.8,10.3,20.9,0.0,,,9.1,,1016.0,
2023-05-02,18.4,9.4,23.8,0.0,,,8.0,,1021.7,
2023-05-03,20.5,12.7,26.3,0.0,,,7.2,,1020.4,
2023-05-04,22.2,15.9,25.9,0.0,,,7.1,,1013.4,
2023-05-05,17.2,16.9,22.0,5.3,,,9.0,,1002.4,
2023-05-06,12.7,12.0,15.8,0.0,,,19.3,,1005.7,
2023-05-07,13.8,10.7,18.8,0.0,,,9.5,,1012.1,
2023-05-08,16.0,8.2,22.0,0.0,,,8.3,,1016.0,
2023-05-09,17.5,10.3,24.8,0.0,,,7.7,,1016.0,
2023-05-10,19.4,11.0,26.3,0.0,,,6.4,,1016.2,
2023-05-11,20.0,13.1,26.8,0.0,,,8.0,,1017.2,
2023-05-12,18.6,13.5,24.8,0.0,,,6.3,,1016.3,
2023-05-13,18.1,12.9,23.5,0.0,,,6.9,,1012.9,
2023-05-14,18.4,13.2,24.0,0.0,,,7.1,,1009.1,
2023-05-15,22.3,13.1,28.0,0.0,,,8.2,,1007.7,
2023-05-16,24.6,17.5,31.0,0.0,,,9.2,,1009.5,
2023-05-17,23.7,18.9,28.5,0.0,,,12.4,,1012.3,
2023-05-18,21.4,19.5,27.5,0.7,,,7.6,,1010.4,
2023-05-19,23.0,17.0,27.8,0.0,,,8.4,,1008.7,
2023-05-20,20.6,17.0,27.0,0.0,,,11.1,,1009.7,
2023-05-21,18.4,15.6,21.9,0.0,,,10.7,,1009.3,
2023-05-22,21.8,16.3,26.8,0.0,,,7.1,,1007.6,
2023-05-23,21.1,14.4,27.0,0.0,,,7.8,,1009.5,
2023-05-24,21.1,15.1,26.3,0.0,,,7.2,,1013.4,
2023-05-25,21.3,16.0,27.5,0.0,,,8.7,,1015.5,
2023-05-26,22.5,16.1,27.4,0.0,,,7.7,,1017.3,
2023-05-27,19.5,19.0,21.0,28.7,,,5.7,,1017.1,
2023-05-28,19.7,18.7,20.4,42.2,,,6.4,,1012.1,
2023-05-29,24.1,19.3,28.8,4.1,,,5.5,,1009.6,
2023-05-30,23.8,20.9,29.3,1.4,,,7.8,,1009.4,
2023-05-31,23.2,19.1,27.8,0.0,,,8.9,,1009.9,
2023-06-01,22.5,20.0,26.6,0.0,,,6.7,,1005.9,
2023-06-02,20.4,18.3,25.3,0.4,,,8.2,,1002.2,
2023-06-03,22.1,16.9,28.0,0.0,,,9.4,,1007.3,
2023-06-04,22.7,17.2,27.9,0.0,,,8.8,,1009.8,
2023-06-05,21.6,18.0,26.3,0.0,,,8.8,,1010.2,
2023-06-06,21.1,17.6,25.3,0.0,,,9.8,,1007.3,
2023-06-07,21.6,19.3,25.8,0.1,,,7.6,,1007.9,
2023-06-08,20.9,18.7,24.2,6.7,,,8.5,,1004.4,
2023-06-09,24.2,18.6,28.4,3.0,,,6.6,,1002.7,
2023-06-10,22.4,20.5,28.8,0.0,,,8.3,,1004.1,
2023-06-11,22.7,18.2,27.0,2.8,,,7.7,,1004.8,
2023-06-12,22.7,18.7,27.8,0.5,,,6.4,,1005.1,
2023-06-13,21.9,19.5,26.3,0.9,,,8.2,,1004.0,
2023-06-14,21.4,17.8,25.3,0.1,,,4.4,,1005.2,
2023-06-15,23.0,18.0,28.5,0.4,,,7.6,,1007.7,
2023-06-16,24.0,19.4,28.9,0.0,,,7.8,,1012.2,
2023-06-17,24.9,19.2,30.3,0.0,,,7.5,,1012.5,
2023-06-18,27.0,21.1,32.5,0.0,,,7.7,,1007.3,
2023-06-19,29.0,23.6,34.3,0.0,,,7.7,,1005.3,
2023-06-20,23.4,23.3,26.5,3.0,,,7.0,,1004.0,
2023-06-21,20.7,19.5,22.0,20.1,,,7.9,,1001.1,
2023-06-22,23.4,19.2,26.5,2.0,,,8.4,,1003.0,
2023-06-23,25.3,20.3,29.8,0.0,,,5.3,,1008.3,
2023-06-24,28.1,22.2,31.3,0.0,,,7.4,,1013.0,
2023-06-25,27.5,23.1,33.4,0.1,,,7.8,,1011.6,
2023-06-26,23.7,22.6,27.8,36.2,,,10.9,,1005.9,
2023-06-27,26.4,21.7,29.4,4.0,,,11.5,,1007.3,
2023-06-28,27.1,24.5,30.3,2.1,,,8.5,,1007.1,
2023-06-29,24.0,23.5,26.0,49.5,,,7.7,,1001.0,
2023-06-30,25.9,23.5,29.3,2.1,,,7.1,,999.5,
2023-07-01,28.0,23.6,33.0,0.2,,,6.9,,1004.6,
2023-07-02,27.2,23.8,30.5,0.1,,,7.3,,1007.9,
2023-07-03,29.9,24.4,35.0,0.0,,,6.2,,1005.1,
2023-07-04,25.5,24.9,29.4,26.0,,,8.1,,999.8,
2023-07-05,24.7,22.4,27.3,24.9,,,13.0,,994.2,
2023-07-06,28.1,22.7,32.1,0.0,,,10.5,,1000.6,
2023-07-07,26.7,24.0,31.5,0.0,,,7.8,,1001.5,
2023-07-08,26.8,22.7,29.5,0.2,,,8.7,,1001.7,
2023-07-09,24.5,22.0,27.3,4.9,,,7.2,,1002.1,
2023-07-10,27.2,23.2,30.9,1.9,,,8.5,,1003.0,
2023-07-11,23.0,22.0,26.0,5.8,,,6.9,,1005.1,
2023-07-12,27.0,22.3,29.3,2.6,,,5.2,,1004.7,
2023-07-13,25.2,24.9,26.8,38.4,,,5.7,,1003.7,
2023-07-14,24.9,24.2,25.4,67.2,,,10.5,,997.4,
2023-07-15,24.7,24.3,25.8,17.2,,,11.3,,999.6,
2023-07-16,24.8,24.0,25.5,4.1,,,7.9,,1006.3,
2023-07-17,25.9,24.0,28.0,4.1,,,5.5,,1010.9,
2023-07-18,25.1,24.5,27.3,15.0,,,5.4,,1010.6,
2023-07-19,27.6,22.8,32.5,0.0,,,6.4,,1007.0,
2023-07-20,28.5,24.3,33.1,0.0,,,6.6,,1008.1,
2023-07-21,30.3,24.9,34.5,0.0,,,6.2,,1010.8,
2023-07-22,27.2,24.9,32.0,14.6,,,9.6,,1011.0,
2023-07-23,25.5,24.8,26.0,44.2,,,7.9,,1007.3,
2023-07-24,27.6,24.9,30.3,3.6,,,7.1,,1007.9,
2023-07-25,28.0,26.0,30.4,8.8,,,9.5,,1011.6,
2023-07-26,27.6,25.3,30.8,14.2,,,8.1,,1013.9,
2023-07-27,29.1,24.7,32.5,6.8,,,6.6,,1013.8,
2023-07-28,30.0,25.7,34.0,0.6,,,7.1,,1013.4,
2023-07-29,29.1,26.4,33.3,0.0,,,7.1,,1013.9,
2023-07-30,28.9,25.2,35.3,0.3,,,6.8,,1012.7,
2023-07-31,29.0,25.9,33.3,0.0,,,6.5,,1012.2,
2023-08-01,30.6,25.8,34.4,0.0,,,6.2,,1010.0,
2023-08-02,29.6,27.0,33.5,0.0,,,7.6,,1007.3,
2023-08-03,29.9,26.1,33.8,0.0,,,7.6,,1005.6,
2023-08-04,30.4,26.8,34.5,0.0,,,6.3,,1004.0,
2023-08-05,30.9,26.7,35.3,0.0,,,6.8,,1000.3,
2023-08-06,29.8,27.8,33.3,0.6,,,6.1,,997.8,
2023-08-07,30.9,27.5,34.5,1.5,,,9.6,,998.7,
2023-08-08,31.2,26.8,36.0,0.3,,,10.2,,1001.6,
2023-08-09,27.7,26.5,31.8,0.0,,,11.5,,1003.3,
2023-08-10,22.2,21.3,25.4,106.8,,,13.4,,996.6,
2023-08-11,24.2,21.9,25.3,30.8,,,7.4,,997.8,
2023-08-12,23.4,22.8,24.4,24.4,,,6.7,,1003.2,
2023-08-13,28.0,22.9,31.0,0.0,,,6.2,,1004.1,
2023-08-14,28.3,25.3,32.0,1.1,,,6.0,,1005.2,
2023-08-15,28.7,25.0,32.9,0.0,,,8.3,,1004.3,
2023-08-16,27.6,25.0,31.9,0.0,,,7.4,,1003.3,
2023-08-17,28.9,24.8,32.3,0.0,,,6.4,,1004.1,
2023-08-18,29.6,25.8,33.3,0.0,,,6.8,,1005.7,
2023-08-19,29.0,26.8,33.4,0.4,,,7.1,,1008.9,
2023-08-20,28.7,25.8,31.9,0.0,,,5.5,,1010.5,
2023-08-21,30.2,26.3,33.8,0.0,,,8.3,,1007.1,
2023-08-22,27.6,26.3,32.4,42.7,,,9.4,,1003.5,
2023-08-23,24.1,23.5,27.5,47.0,,,8.2,,1004.6,
2023-08-24,25.9,22.6,27.8,0.5,,,10.3,,1005.7,
2023-08-25,26.7,24.3,30.0,0.0,,,9.3,,1006.6,
2023-08-26,26.5,23.8,30.5,0.0,,,6.4,,1008.9,
2023-08-27,26.2,23.0,29.4,3.8,,,6.6,,1008.1,
2023-08-28,23.6,21.0,25.9,9.1,,,12.3,,1007.1,
2023-08-29,23.5,22.8,25.8,52.3,,,7.9,,1004.6,
2023-08-30,22.8,22.3,24.8,3.3,,,3.9,,1008.7,
2023-08-31,24.0,21.3,29.0,0.0,,,4.8,,1010.1,
2023-09-01,24.9,20.0,29.8,0.0,,,7.2,,1011.5,
2023-09-02,26.4,20.0,31.0,0.0,,,5.9,,1011.3,
2023-09-03,26.4,23.4,28.9,0.3,,,8.2,,1011.7,
2023-09-04,27.6,24.6,30.3,0.0,,,6.6,,1011.7,
2023-09-05,28.5,25.4,32.8,0.0,,,6.1,,1011.0,
2023-09-06,27.4,24.5,32.4,0.0,,,8.5,,1011.0,
2023-09-07,26.2,21.4,31.8,0.0,,,9.1,,1014.1,
2023-09-08,25.8,19.9,30.5,0.0,,,8.7,,1012.9,
2023-09-09,26.4,21.1,31.4,0.0,,,6.2,,1010.3,
2023-09-10,26.1,22.3,29.9,0.0,,,6.0,,1009.5,
2023-09-11,25.5,23.4,30.0,0.3,,,6.6,,1008.6,
2023-09-12,26.1,22.0,29.4,0.4,,,5.0,,1010.0,
2023-09-13,21.2,19.9,24.9,16.0,,,6.3,,1011.4,
2023-09-14,24.2,19.5,27.3,1.8,,,8.6,,1012.3,
2023-09-15,23.0,20.6,24.4,0.8,,,9.6,,1013.5,
2023-09-16,24.2,22.3,26.8,41.4,,,6.0,,1011.5,
2023-09-17,25.0,22.3,28.0,3.0,,,5.4,,1009.7,
2023-09-18,24.7,22.5,28.9,0.0,,,7.1,,1011.5,
2023-09-19,25.6,21.9,27.4,1.1,,,5.7,,1013.5,
2023-09-20,19.7,19.3,23.5,33.8,,,9.6,,1011.0,
2023-09-21,19.6,18.3,23.8,0.0,,,8.8,,1010.8,
2023-09-22,21.1,15.5,26.8,0.0,,,5.9,,1015.4,
2023-09-23,22.5,16.6,27.3,0.0,,,8.9,,1019.1,
2023-09-24,22.0,18.2,26.4,0.3,,,10.8,,1019.7,
2023-09-25,22.0,18.2,26.0,17.3,,,8.7,,1016.1,
2023-09-26,20.6,18.9,21.0,16.3,,,8.6,,1012.6,
2023-09-27,21.8,20.3,23.5,0.3,,,6.5,,1010.7,
2023-09-28,22.4,19.9,27.3,0.0,,,7.0,,1012.9,
2023-09-29,21.5,17.7,26.9,0.3,,,4.9,,1013.9,
2023-09-30,18.9,18.5,22.5,4.3,,,7.8,,1010.5,
2023-10-01,18.2,14.8,23.8,3.8,,,8.2,,1013.6,
2023-10-02,18.9,13.2,24.5,0.0,,,5.9,,1017.5,
2023-10-03,17.8,14.8,22.4,0.0,,,6.5,,1017.3,
2023-10-04,16.6,14.5,23.5,14.7,1.0,,7.3,,1013.8,
2023-10-05,14.6,10.3,19.5,4.6,,,8.9,,1016.2,
2023-10-06,16.2,9.9,21.4,0.0,,,6.0,,1018.5,
2023-10-07,18.0,12.0,21.5,0.0,,,7.8,,1021.4,
2023-10-08,17.5,15.5,19.8,0.0,,,9.3,,1022.6,
2023-10-09,16.7,15.3,22.5,1.0,,,7.0,,1019.5,
2023-10-10,17.9,12.2,23.5,0.8,,,5.7,,1020.2,
2023-10-11,17.6,13.4,24.0,0.0,,,6.2,,1023.6,
2023-10-12,18.9,12.3,24.3,0.0,,,5.7,,1023.9,
2023-10-13,17.6,14.5,21.8,0.3,,,5.3,,1017.9,
2023-10-14,14.4,13.5,18.5,5.6,,,4.9,,1010.2,
2023-10-15,16.8,11.2,21.0,0.8,,,6.9,,1010.0,
2023-10-16,13.5,11.9,19.5,0.0,,,8.3,,1014.3,
2023-10-17,14.9,7.8,20.9,0.0,,,5.8,,1018.6,
2023-10-18,18.0,9.5,21.9,7.6,,,7.6,,1019.1,
2023-10-19,16.0,15.8,19.0,0.8,,,6.0,,1014.8,
2023-10-20,10.3,8.0,15.3,0.0,,,11.5,,1016.4,
2023-10-21,10.6,6.3,16.8,1.0,,,8.7,,1019.8,
2023-10-22,14.2,5.7,18.5,0.0,,,6.7,,1022.5,
2023-10-23,15.6,11.4,21.3,0.0,,,6.3,,1022.0,
2023-10-24,16.0,11.5,19.5,1.8,,,6.4,,1019.7,
2023-10-25,17.6,13.0,22.0,0.0,,,5.0,,1017.6,
2023-10-26,17.1,15.3,21.0,0.0,,,7.5,,1014.2,
2023-10-27,14.8,13.3,20.4,0.0,,,7.2,,1013.7,
2023-10-28,14.4,9.7,20.8,0.0,,,5.2,,1017.7,
2023-10-29,15.2,10.0,21.9,0.0,,,6.4,,1020.9,
2023-10-30,16.0,10.0,22.0,0.0,,,5.9,,1021.8,
2023-10-31,18.1,13.0,20.9,0.0,,,6.8,,1021.3,
2023-11-01,19.7,17.5,20.9,2.4,,,8.7,,1016.9,
2023-11-02,21.0,19.1,26.0,0.0,,,10.2,,1015.7,
2023-11-03,18.8,18.3,22.6,12.0,,,10.4,,1014.3,
2023-11-04,17.8,14.4,21.3,0.0,,,9.7,,1019.4,
2023-11-05,18.5,15.4,20.4,28.8,,,11.7,,1016.6,
2023-11-06,10.5,7.1,19.5,45.4,,,16.7,,1005.2,
2023-11-07,5.4,4.0,9.9,4.0,,,11.1,,1020.6,
2023-11-08,9.9,2.1,16.3,0.0,,,5.7,,1022.4,
2023-11-09,10.7,6.3,18.5,11.5,,,6.9,,1019.4,
2023-11-10,2.5,1.1,9.4,0.0,,,13.8,,1025.4,
2023-11-11,2.0,-1.6,6.8,0.0,,,7.7,,1028.7,
2023-11-12,1.5,-1.7,5.8,0.0,,,7.9,,1027.5,
2023-11-13,2.7,-1.9,6.6,0.0,,,8.4,,1027.9,
2023-11-14,6.2,-0.5,11.0,0.0,,,6.1,,1026.7,
2023-11-15,8.5,2.3,12.7,0.0,,,5.3,,1027.5,
2023-11-16,5.6,6.1,7.7,15.9,,,6.5,,1019.9,
2023-11-17,0.4,-1.2,6.2,0.4,,,9.4,,1013.9,
2023-11-18,2.1,-3.5,5.9,0.0,,,12.8,,1017.5,
2023-11-19,6.7,-0.0,13.8,0.2,,,8.6,,1017.2,
2023-11-20,6.5,2.1,12.5,0.0,,,5.0,,1022.9,
2023-11-21,8.2,1.7,14.8,0.0,,,6.0,,1021.7,
2023-11-22,12.2,3.2,15.4,0.0,,,6.5,,1016.8,
2023-11-23,6.1,3.3,14.5,1.3,,,11.5,,1012.7,
2023-11-24,-2.2,-3.7,2.2,0.0,,,14.1,,1027.7,
2023-11-25,0.7,-5.6,4.1,0.0,,,6.5,,1032.8,
2023-11-26,5.6,0.2,7.4,0.0,,,5.0,,1025.3,
2023-11-27,5.5,4.7,9.6,7.9,,,8.2,,1014.1,
2023-11-28,0.2,-0.4,5.5,0.0,,,11.9,,1020.4,
2023-11-29,-2.0,-3.6,3.1,0.1,,,9.2,,1024.8,
2023-11-30,-4.0,-7.0,-0.4,0.0,,,10.6,,1028.9,
2023-12-01,-2.0,-6.5,0.6,0.0,,,7.7,,1026.5,
2023-12-02,2.7,-4.1,7.8,0.0,,,8.8,,1024.5,
2023-12-03,1.0,-2.5,6.0,0.0,,,5.7,,1026.3,
2023-12-04,5.0,-2.7,9.3,0.0,,,5.7,,1022.3,
2023-12-05,7.2,4.1,12.8,0.0,,,7.0,,1017.5,
2023-12-06,5.7,4.2,9.0,6.9,,,7.7,,1010.1,
2023-12-07,7.9,1.1,11.6,0.0,,,9.9,,1013.9,
2023-12-08,13.7,5.4,17.0,0.0,,,10.5,,1012.9,
2023-12-09,12.9,12.6,16.5,0.1,,,7.3,,1016.4,
2023-12-10,12.4,7.0,15.8,0.0,,,8.7,,1022.3,
2023-12-11,7.1,5.4,12.5,10.2,,,23.6,,1017.7,
2023-12-12,5.4,4.1,9.6,1.3,,,10.5,,1020.3,
2023-12-13,9.0,2.9,10.5,0.0,,,8.5,,1027.4,
2023-12-14,7.0,6.6,9.4,17.4,,,16.1,,1023.2,
2023-12-15,3.6,4.4,6.5,33.8,,,13.6,,1012.4,
2023-12-16,-7.1,-9.1,4.0,2.0,1.0,,18.7,,1020.8,
2023-12-17,-9.6,-12.1,-6.2,0.0,,,11.6,,1033.6,
2023-12-18,-6.1,-11.9,-3.3,0.0,,,7.9,,1035.2,
2023-12-19,-3.0,-7.9,0.4,0.0,1.0,,7.0,,1028.9,
2023-12-20,-9.4,-11.1,-1.8,0.3,1.0,,12.1,,1027.2,
2023-12-21,-11.6,-14.0,-8.2,0.0,,,10.7,,1030.3,
2023-12-22,-10.8,-14.4,-7.9,0.0,,,9.3,,1036.0,
2023-12-23,-4.3,-12.4,-1.0,0.0,1.0,,6.1,,1037.1,
2023-12-24,-0.8,-5.3,2.8,1.0,2.0,,5.8,,1031.1,
2023-12-25,-0.4,-2.3,2.2,0.8,1.0,,5.1,,1028.2,
2023-12-26,2.1,-2.3,7.5,0.0,,,6.2,,1028.8,
2023-12-27,2.0,-2.5,7.0,0.0,,,5.0,,1030.4,
2023-12-28,1.7,-1.4,4.5,0.0,,,5.4,,1028.5,
2023-12-29,1.7,-1.2,4.8,0.0,,,6.2,,1027.3,
2023-12-30,1.7,-0.6,2.2,12.9,5.0,,9.3,,1018.8,
2023-12-31,1.9,1.2,4.6,5.3,4.0,,7.1,,1016.3,
2024-01-01,4.3,-0.0,7.6,0.0,1.0,,6.0,,1027.0,
2024-01-02,3.1,2.5,4.4,0.2,,,5.1,,1022.4,
2024-01-03,0.7,-0.2,4.1,0.8,,,5.7,,1019.1,
2024-01-04,3.6,-3.0,5.7,0.0,,,6.8,,1021.9,
2024-01-05,3.6,2.3,9.3,0.8,,,8.4,,1019.6,
2024-01-06,0.3,-2.2,5.3,0.3,4.0,,7.2,,1021.7,
2024-01-07,-5.9,-7.8,-0.6,0.0,1.0,,10.8,,1026.0,
2024-01-08,-1.9,-10.0,0.1,0.0,1.0,,6.2,,1027.2,
2024-01-09,-0.7,-1.6,0.7,1.8,2.0,,6.7,,1020.1,
2024-01-10,-0.3,-3.8,3.4,0.0,2.0,,6.0,,1020.6,
2024-01-11,2.6,-2.1,4.7,0.0,1.0,,7.2,,1018.3,
2024-01-12,0.2,-0.7,4.3,0.0,,,8.0,,1018.7,
2024-01-13,1.1,-3.5,6.6,0.0,,,5.1,,1024.3,
2024-01-14,-1.4,-2.3,2.4,4.5,,,7.4,,1021.9,
2024-01-15,-3.6,-6.6,1.1,0.0,,,9.6,,1027.9,
2024-01-16,-0.0,-6.9,4.3,0.0,,,5.3,,1032.2,
2024-01-17,1.6,-2.0,2.2,7.4,,,7.6,,1026.5,
2024-01-18,5.6,1.7,9.5,3.0,,,9.0,,1022.6,
2024-01-19,5.5,4.4,8.9,0.0,,,16.0,,1027.6,
2024-01-20,3.2,2.3,5.2,2.0,,,19.8,,1025.7,
2024-01-21,-0.6,-1.6,4.5,0.2,2.0,,9.5,,1025.1,
2024-01-22,-10.4,-11.3,-2.1,0.1,1.0,,14.4,,1028.2,
2024-01-23,-10.5,-13.7,-8.4,0.0,,,14.5,,1026.6,
2024-01-24,-7.2,-10.9,-3.4,0.0,,,11.6,,1026.2,
2024-01-25,-4.0,-9.4,-0.2,0.0,,,7.2,,1028.6,
2024-01-26,-0.5,-6.6,4.1,0.0,,,6.6,,1028.9,
2024-01-27,-0.4,-4.2,4.8,0.0,,,6.6,,1027.2,
2024-01-28,-1.0,-4.7,3.8,0.0,,,7.2,,1028.2,
2024-01-29,0.2,-4.5,4.8,0.0,,,5.5,,1030.9,
2024-01-30,3.1,-3.7,8.4,0.0,,,4.5,,1028.9,
2024-01-31,4.6,1.0,10.8,0.0,,,6.3,,1024.1,
2024-02-01,3.3,-1.0,8.0,0.0,,,7.6,,1024.9,
2024-02-02,3.2,1.3,8.0,0.0,,,8.1,,1026.6,
2024-02-03,6.0,0.1,8.5,1.3,,,7.8,,1027.4,
2024-02-04,7.6,4.0,12.0,0.0,,,6.5,,1024.9,
2024-02-05,1.9,0.4,6.9,5.5,3.0,,17.7,,1021.0,
2024-02-06,1.4,0.3,3.2,0.4,1.0,,7.9,,1024.6,
2024-02-07,0.2,-0.6,2.9,0.0,,,7.5,,1023.3,
2024-02-08,1.1,-2.7,6.5,0.0,,,6.2,,1021.5,
2024-02-09,1.7,-2.2,6.2,0.0,,,7.2,,1021.6,
2024-02-10,1.7,-1.1,7.5,0.0,,,7.2,,1022.7,
2024-02-11,1.2,-2.8,5.7,0.0,,,7.9,,1023.7,
2024-02-12,5.1,-2.6,10.7,0.0,,,6.8,,1028.3,
2024-02-13,10.5,2.3,13.6,0.0,,,8.7,,1025.1,
2024-02-14,13.1,9.1,18.5,0.5,,,7.7,,1020.4,
2024-02-15,2.0,1.5,11.9,9.6,1.0,,10.7,,1019.1,
2024-02-16,2.8,-1.2,8.1,0.0,,,6.8,,1024.4,
2024-02-17,5.5,-0.9,12.0,0.0,,,5.9,,1021.6,
2024-02-18,8.9,1.5,9.4,9.3,,,10.2,,1018.3,
2024-02-19,7.3,5.1,12.2,18.2,,,8.3,,1010.9,
2024-02-20,4.6,3.2,7.0,3.6,,,12.3,,1022.0,
2024-02-21,1.1,0.5,4.2,17.3,13.0,,18.1,,1021.2,
2024-02-22,0.5,-0.8,1.8,11.3,9.0,,15.2,,1026.3,
2024-02-23,2.1,-0.6,6.3,0.0,2.0,,12.8,,1029.7,
2024-02-24,2.8,-1.0,5.9,1.5,1.0,,11.1,,1029.0,
2024-02-25,2.6,1.1,6.0,3.4,,,7.1,,1023.5,
2024-02-26,4.8,-0.9,9.2,0.0,,,6.6,,1027.3,
2024-02-27,6.2,1.5,9.9,0.0,,,11.0,,1029.6,
2024-02-28,6.9,3.6,10.2,0.0,,,7.2,,1027.9,
2024-02-29,3.2,1.8,9.6,0.0,,,7.6,,1022.9,
2024-03-01,-5.0,-6.5,0.6,0.0,,,16.2,,1024.0,
2024-03-02,2.5,-7.8,4.0,2.8,,,11.4,,1020.6,
2024-03-03,3.5,0.8,7.6,0.2,,,10.5,,1017.0,
2024-03-04,7.7,-1.5,11.8,0.0,,,6.1,,1020.6,
2024-03-05,7.2,6.1,11.2,0.0,,,10.1,,1014.9,
2024-03-06,6.4,2.8,10.3,0.0,,,10.6,,1016.2,
2024-03-07,3.4,2.2,8.5,2.5,,,10.4,,1016.7,
2024-03-08,2.0,-0.3,6.5,0.0,,,12.1,,1017.7,
2024-03-09,2.4,-1.8,7.0,0.0,,,9.8,,1023.4,
2024-03-10,5.5,-1.5,10.8,0.0,,,7.0,,1027.7,
2024-03-11,7.4,2.3,10.9,0.1,,,7.2,,1020.7,
2024-03-12,5.9,5.4,9.8,4.8,,,7.4,,1015.2,
2024-03-13,7.2,1.6,11.9,0.0,,,9.8,,1019.9,
2024-03-14,9.0,3.7,15.8,0.0,,,7.5,,1021.0,
2024-03-15,9.3,4.3,14.4,0.0,,,8.1,,1023.7,
2024-03-16,12.3,4.7,18.6,0.0,,,6.9,,1021.8,
2024-03-17,7.3,5.8,12.0,0.1,,,13.3,,1017.1,
2024-03-18,8.2,1.7,13.4,0.0,,,8.5,,1021.9,
2024-03-19,6.1,5.0,10.1,0.7,,,13.4,,1015.6,
2024-03-20,4.0,1.5,9.0,0.0,,,12.3,,1019.9,
2024-03-21,6.7,-0.9,11.5,0.0,,,7.1,,1018.7,
2024-03-22,12.3,4.1,15.4,6.9,,,11.7,,1012.9,
2024-03-23,13.5,9.6,18.3,0.5,,,8.4,,1014.5,
2024-03-24,17.0,10.8,23.5,0.0,,,8.6,,1016.3,
2024-03-25,8.4,7.1,14.9,3.1,,,13.4,,1016.0,
2024-03-26,8.7,3.5,12.4,14.3,,,10.2,,1019.4,
2024-03-27,13.0,6.0,16.3,0.0,,,6.8,,1022.9,
2024-03-28,10.8,9.3,11.9,1.1,,,6.6,,1011.2,
2024-03-29,8.5,6.8,10.9,3.5,,,13.0,,1006.2,
2024-03-30,9.2,4.9,14.9,0.7,,,8.3,,1011.8,
2024-03-31,10.4,4.0,17.5,0.0,,,7.3,,1013.3,
2024-04-01,8.2,6.4,19.0,0.0,,,7.5,,1014.6,
2024-04-02,16.9,7.3,22.8,0.0,,,7.5,,1013.1,
2024-04-03,16.4,14.3,20.0,0.6,,,6.9,,1006.8,
2024-04-04,15.7,12.8,20.4,0.0,,,11.1,,1013.7,
2024-04-05,13.3,11.2,18.8,0.0,,,9.4,,1018.7,
2024-04-06,12.9,8.5,19.0,0.0,,,6.9,,1019.1,
2024-04-07,15.9,8.0,23.7,0.0,,,7.2,,1017.8,
2024-04-08,16.6,11.4,22.8,0.0,,,7.4,,1016.5,
2024-04-09,15.4,11.0,21.0,0.0,,,13.0,,1019.7,
2024-04-10,14.4,10.5,18.4,0.0,,,9.2,,1024.4,
2024-04-11,16.1,12.0,21.3,0.7,,,6.5,,1021.6,
2024-04-12,17.5,12.4,24.3,0.0,,,7.8,,1018.4,
2024-04-13,20.1,11.5,27.3,0.0,,,6.9,,1017.3,
2024-04-14,22.3,13.9,29.2,0.0,,,6.8,,1016.3,
2024-04-15,14.2,12.0,20.3,18.7,,,9.1,,1010.4,
2024-04-16,13.2,11.8,17.9,1.9,,,8.6,,1012.0,
2024-04-17,15.7,10.0,22.0,0.0,,,8.0,,1012.3,
2024-04-18,17.7,11.0,25.3,0.0,,,7.6,,1010.0,
2024-04-19,18.7,11.8,24.4,0.0,,,7.4,,1012.1,
2024-04-20,14.8,13.3,17.5,6.3,,,10.2,,1010.3,
2024-04-21,17.8,13.6,21.7,0.0,,,13.2,,1010.6,
2024-04-22,18.7,15.3,24.4,0.0,,,11.3,,1012.8,
2024-04-23,17.2,13.6,24.4,1.8,,,12.6,,1011.5,
2024-04-24,13.0,11.4,16.6,12.1,,,10.9,,1007.7,
2024-04-25,15.1,10.6,20.8,0.0,,,6.2,,1011.6,
2024-04-26,18.3,11.7,26.3,0.0,,,6.3,,1010.1,
2024-04-27,18.9,11.8,26.4,0.0,,,7.0,,1011.1,
2024-04-28,22.0,13.3,29.2,0.0,,,5.7,,1012.6,
2024-04-29,21.0,17.2,26.3,0.0,,,10.9,,1008.5,
2024-04-30,18.3,16.6,22.4,0.0,,,7.7,,1005.8,
2024-05-01,18.1,14.3,23.6,0.0,,,8.6,,1011.4,
2024-05-02,18.1,12.2,23.9,0.0,,,8.5,,1017.7,
2024-05-03,20.6,12.5,28.0,0.0,,,6.9,,1017.9,
2024-05-04,22.4,14.9,28.7,0.0,,,6.8,,1015.8,
2024-05-05,17.0,16.5,20.9,48.3,,,9.3,,1009.2,
2024-05-06,13.7,13.7,16.0,10.4,,,11.3,,1006.7,
2024-05-07,13.0,12.8,15.2,2.9,,,10.9,,1010.9,
2024-05-08,15.7,9.3,21.3,0.0,,,8.7,,1017.8,
2024-05-09,16.9,11.2,21.9,0.0,,,9.7,,1018.0,
2024-05-10,18.9,12.8,24.0,0.0,,,9.2,,1017.5,
2024-05-11,16.4,14.3,22.1,31.1,,,13.0,,1011.7,
2024-05-12,17.1,12.2,21.7,0.0,,,9.6,,1010.4,
2024-05-13,18.8,12.2,24.8,0.0,,,8.4,,1013.8,
2024-05-14,19.2,13.0,24.8,0.0,,,8.6,,1015.3,
2024-05-15,10.9,7.6,19.0,21.1,,,9.1,,1013.0,
2024-05-16,15.2,7.2,19.8,1.2,,,10.9,,1009.8,
2024-05-17,20.0,11.1,24.7,0.0,,,7.9,,1013.3,
2024-05-18,21.0,16.3,26.8,0.0,,,7.2,,1016.5,
2024-05-19,22.0,16.2,27.9,0.0,,,6.7,,1015.1,
2024-05-20,19.5,17.3,23.0,1.8,,,8.6,,1014.8,
2024-05-21,22.0,16.6,28.5,0.0,,,6.2,,1017.8,
2024-05-22,20.7,16.7,25.6,0.0,,,8.4,,1016.1,
2024-05-23,20.3,16.2,26.6,0.0,,,9.0,,1011.1,
2024-05-24,21.2,16.0,24.7,0.0,,,7.6,,1012.2,
2024-05-25,21.9,19.0,24.9,0.2,,,6.4,,1014.8,
2024-05-26,18.7,17.6,24.0,8.2,,,9.0,,1006.4,
2024-05-27,18.9,14.4,22.9,2.3,,,11.7,,1003.1,
2024-05-28,21.1,14.6,26.3,0.0,,,9.7,,1006.0,
2024-05-29,21.6,15.7,26.9,0.0,,,7.9,,1011.8,
2024-05-30,21.5,16.5,24.9,0.0,,,5.9,,1011.0,
2024-05-31,20.5,17.2,25.4,1.0,,,9.2,,1009.6,
2024-06-01,20.5,17.9,25.0,0.0,,,9.9,,1009.8,
2024-06-02,20.9,16.0,25.8,0.0,,,9.8,,1009.6,
2024-06-03,22.9,16.0,28.8,0.0,,,8.8,,1010.2,
2024-06-04,23.5,16.6,29.4,0.0,,,8.9,,1014.8,
2024-06-05,24.1,18.4,30.3,0.0,,,6.8,,1017.2,
2024-06-06,24.3,19.8,31.3,0.0,,,7.4,,1015.8,
2024-06-07,23.1,18.5,28.0,2.3,,,6.5,,1013.2,
2024-06-08,20.6,18.3,24.5,15.5,,,6.2,,1008.9,
2024-06-09,23.6,17.7,29.0,0.3,,,7.0,,1007.7,
2024-06-10,25.6,19.3,31.3,0.0,,,8.2,,1006.8,
2024-06-11,25.0,22.3,31.8,0.0,,,9.2,,1006.7,
2024-06-12,25.2,19.5,31.8,0.0,,,7.3,,1005.3,
2024-06-13,27.1,20.3,32.9,0.0,,,6.8,,1004.2,
2024-06-14,26.6,21.7,32.9,5.6,,,8.3,,1004.6,
2024-06-15,24.0,22.3,28.3,0.5,,,6.5,,1003.5,
2024-06-16,24.4,20.3,29.4,0.0,,,10.1,,1005.6,
2024-06-17,25.4,19.2,30.4,0.0,,,8.3,,1007.3,
2024-06-18,26.7,20.7,33.0,0.0,,,7.7,,1006.1,
2024-06-19,29.8,21.7,35.9,0.0,,,5.9,,1007.6,
2024-06-20,29.5,23.8,35.5,0.0,,,7.1,,1004.0,
2024-06-21,28.6,23.2,34.0,0.0,,,7.5,,1001.7,
2024-06-22,23.7,22.9,26.3,18.5,,,7.1,,998.6,
2024-06-23,25.4,22.8,30.3,3.0,,,7.8,,997.8,
2024-06-24,23.7,22.0,27.9,5.6,,,10.4,,1002.4,
2024-06-25,23.2,19.4,27.3,0.0,,,10.9,,1009.5,
2024-06-26,25.7,19.2,31.5,0.0,,,7.1,,1014.1,
2024-06-27,26.9,20.9,31.9,0.0,,,6.2,,1011.5,
2024-06-28,27.0,21.6,32.8,0.0,,,7.4,,1006.8,
2024-06-29,27.1,21.9,32.3,70.4,,,8.2,,1003.3,
2024-06-30,23.4,22.4,25.3,0.0,,,13.1,,996.8,
2024-07-01,27.1,22.3,31.5,0.3,,,6.8,,1003.2,
2024-07-02,23.4,22.3,25.5,65.5,,,10.2,,1003.9,
2024-07-03,24.9,24.0,26.3,0.8,,,12.8,,1007.2,
2024-07-04,26.5,23.5,30.9,7.6,,,10.8,,1006.5,
2024-07-05,23.9,21.6,26.4,2.5,,,12.0,,1003.7,
2024-07-06,25.4,22.4,29.9,0.3,,,11.6,,1002.6,
2024-07-07,25.3,21.8,28.3,38.1,,,6.8,,1004.0,
2024-07-08,23.9,23.4,24.8,11.7,,,7.2,,1002.6,
2024-07-09,24.9,23.0,26.8,1.8,,,6.3,,1003.8,
2024-07-10,27.2,23.0,30.9,1.5,,,7.8,,999.8,
2024-07-11,25.5,23.9,29.0,0.0,,,7.2,,1001.5,
2024-07-12,26.5,22.1,30.4,0.2,,,5.9,,1002.2,
2024-07-13,28.6,24.0,33.3,0.3,,,7.3,,1004.6,
2024-07-14,28.4,25.3,31.9,0.5,,,8.8,,1008.5,
2024-07-15,29.1,24.8,31.3,0.4,,,8.6,,1010.8,
2024-07-16,26.6,25.0,30.5,30.2,,,8.4,,1009.8,
2024-07-17,25.7,24.4,28.3,138.7,,,9.2,,1007.6,
2024-07-18,24.5,23.4,25.9,75.9,,,8.0,,1001.9,
2024-07-19,27.6,24.5,31.0,0.0,,,8.5,,1004.7,
2024-07-20,26.7,25.4,30.8,22.4,,,9.0,,1005.9,
2024-07-21,27.7,22.8,29.9,12.4,,,13.8,,1006.0,
2024-07-22,26.8,24.8,28.3,68.6,,,11.3,,1005.5,
2024-07-23,26.8,26.1,27.5,15.2,,,11.7,,1003.8,
2024-07-24,28.7,26.3,31.3,1.3,,,9.5,,1004.1,
2024-07-25,28.6,26.3,32.5,25.9,,,6.7,,1005.6,
2024-07-26,29.5,25.5,32.8,4.8,,,8.0,,1009.1,
2024-07-27,29.0,27.8,31.5,33.5,,,6.2,,1013.6,
2024-07-28,29.4,27.5,32.3,0.0,,,11.8,,1012.5,
2024-07-29,27.4,27.3,28.0,0.0,,,14.3,,1009.0,
2024-07-30,29.0,26.6,32.0,0.0,,,10.0,,1007.0,
2024-07-31,29.8,27.3,33.0,0.3,,,9.5,,1006.2,
2024-08-01,30.4,27.6,33.4,1.1,,,9.3,,1004.1,
2024-08-02,29.7,28.5,32.8,9.6,,,9.9,,1003.8,
2024-08-03,30.6,27.5,34.3,0.7,,,7.7,,1006.7,
2024-08-04,32.1,27.6,36.4,0.5,,,5.5,,1007.0,
2024-08-05,29.8,27.8,33.5,0.8,,,6.2,,1007.0,
2024-08-06,30.1,25.9,33.5,2.6,,,7.2,,1007.2,
2024-08-07,29.7,27.5,33.5,3.3,,,6.6,,1005.9,
2024-08-08,28.5,27.4,31.8,0.0,,,5.6,,1004.2,
2024-08-09,29.8,25.9,33.5,0.0,,,5.6,,1003.8,
2024-08-10,30.7,26.7,33.5,0.7,,,6.2,,1002.6,
2024-08-11,31.2,28.1,34.3,0.2,,,6.3,,1001.9,
2024-08-12,31.2,28.5,34.0,0.0,,,7.0,,1003.6,
2024-08-13,31.7,28.4,36.5,0.0,,,5.9,,1006.9,
2024-08-14,29.9,27.8,35.0,3.3,,,7.1,,1007.2,
2024-08-15,29.5,27.0,34.8,6.1,,,6.2,,1007.0,
2024-08-16,30.6,27.1,34.3,0.0,,,7.5,,1007.9,
2024-08-17,29.7,27.5,34.0,10.9,,,5.8,,1009.5,
2024-08-18,29.8,27.3,33.9,0.0,,,7.5,,1008.9,
2024-08-19,30.1,26.6,35.5,2.3,,,7.2,,1007.6,
2024-08-20,31.7,27.3,35.4,26.7,,,8.0,,1008.1,
2024-08-21,29.0,27.2,31.0,15.5,,,11.5,,1006.6,
2024-08-22,28.4,27.4,30.5,0.5,,,12.1,,1003.7,
2024-08-23,28.5,26.8,32.0,0.0,,,10.5,,1007.1,
2024-08-24,27.9,25.5,30.8,2.0,,,4.9,,1009.6,
2024-08-25,29.0,25.2,32.9,0.5,,,5.3,,1008.5,
2024-08-26,28.1,26.0,30.8,0.0,,,5.0,,1006.5,
2024-08-27,26.2,25.0,30.4,0.3,,,6.6,,1006.1,
2024-08-28,28.7,23.3,33.0,,,,10.3,,1008.0,
2024-08-29,28.7,23.7,33.5,,,,11.2,,1006.7,
2024-08-30,28.0,24.0,33.0,,,,8.5,,1004.7,
2024-08-31,28.3,22.9,33.3,,,,7.3,,1005.8,
2024-09-01,27.0,24.9,31.8,2.8,,,7.1,,1006.7,
2024-09-02,24.9,22.5,27.0,0.5,,,8.9,,1008.6,
2024-09-03,27.4,23.5,32.3,0.0,,,10.2,,1011.3,
2024-09-04,28.9,23.5,33.5,,,,8.0,,1009.0,
2024-09-05,26.1,25.9,28.9,7.4,,,8.6,,1006.9,
2024-09-06,23.9,23.8,26.0,0.3,,,9.6,,1010.6,
2024-09-07,26.7,23.3,31.3,0.0,,,7.0,,1012.7,
2024-09-08,27.9,22.9,32.8,0.0,,,5.6,,1013.0,
2024-09-09,29.2,24.4,33.9,0.0,,,6.8,,1012.3,
2024-09-10,29.7,25.9,34.0,0.0,,,6.6,,1012.6,
2024-09-11,29.2,25.8,34.8,26.4,,,6.8,,1014.8,
2024-09-12,25.3,25.0,27.4,7.4,,,7.5,,1014.6,
2024-09-13,26.6,24.5,28.3,7.1,,,8.0,,1008.8,
2024-09-14,28.1,25.5,32.0,2.8,,,6.3,,1005.5,
2024-09-15,27.0,24.9,32.4,0.0,,,9.8,,1008.9,
2024-09-16,28.1,21.6,32.5,10.0,,,10.5,,1014.7,
2024-09-17,29.0,26.1,33.4,3.2,,,5.9,,1014.5,
2024-09-18,29.8,26.8,33.4,8.9,,,5.7,,1012.8,
2024-09-19,29.4,26.0,32.5,0.4,,,5.7,,1013.4,
2024-09-20,22.7,18.9,29.0,68.5,,,8.2,,1009.8,
2024-09-21,19.6,17.4,22.2,31.3,,,16.1,,1007.4,
2024-09-22,21.3,17.4,26.5,0.0,,,9.4,,1012.0,
2024-09-23,20.9,17.0,26.3,0.0,,,11.4,,1017.5,
2024-09-24,21.9,15.9,26.9,0.0,,,8.3,,1016.2,
2024-09-25,24.2,18.9,27.6,0.2,,,6.1,,1013.7,
2024-09-26,23.4,21.5,28.3,4.2,,,5.9,,1012.3,
2024-09-27,23.2,19.4,28.2,0.2,,,8.4,,1013.2,
2024-09-28,23.7,19.5,28.2,0.0,,,11.7,,1017.4,
2024-09-29,23.7,19.5,29.3,0.0,,,9.7,,1019.3,
2024-09-30,23.6,18.6,28.8,0.0,,,7.8,,1015.6,
2024-10-01,16.1,14.3,22.1,4.3,,,9.1,,1011.1,
2024-10-02,15.0,12.0,19.6,0.0,,,9.3,,1018.1,
2024-10-03,17.1,11.1,22.4,0.0,,,7.2,,1021.6,
2024-10-04,17.9,12.2,24.3,0.0,,,6.6,,1023.4,
2024-10-05,17.9,11.9,24.3,0.0,,,5.6,,1022.8,
2024-10-06,16.0,12.6,18.3,0.8,,,4.9,,1020.5,
2024-10-07,17.1,14.3,20.8,0.0,,,4.8,,1017.2,
2024-10-08,18.2,13.0,24.0,0.0,,,6.4,,1016.4,
2024-10-09,19.5,14.2,24.6,0.0,,,8.2,,1015.9,
2024-10-10,18.9,15.7,24.0,0.0,,,6.9,,1014.3,
2024-10-11,18.7,14.3,24.5,0.0,,,6.9,,1017.3,
2024-10-12,18.4,13.7,24.6,0.0,,,5.0,,1022.2,
2024-10-13,19.7,12.9,22.8,0.0,,,7.1,,1022.8,
2024-10-14,19.7,17.9,21.8,0.1,,,6.6,,1019.0,
2024-10-15,18.7,17.9,22.0,2.6,,,6.6,,1016.9,
2024-10-16,18.1,14.9,24.5,0.0,,,4.9,,1021.8,
2024-10-17,20.4,14.1,25.9,0.0,,,6.2,,1021.7,
2024-10-18,17.1,16.5,19.0,60.2,,,8.4,,1014.2,
2024-10-19,15.5,13.0,21.1,7.5,,,11.1,,1017.0,
2024-10-20,13.5,10.9,18.0,0.0,,,13.5,,1030.1,
2024-10-21,16.6,10.0,19.4,0.4,,,8.6,,1024.4,
2024-10-22,15.0,15.2,16.9,16.5,,,7.0,,1015.0,
2024-10-23,11.6,10.6,15.5,4.2,,,13.4,,1014.9,
2024-10-24,13.3,7.4,18.7,0.0,,,6.4,,1022.1,
2024-10-25,15.7,9.0,21.7,0.0,,,6.0,,1024.6,
2024-10-26,18.5,11.0,24.3,0.0,,,6.5,,1020.6,
2024-10-27,15.6,14.7,18.9,0.1,,,6.2,,1014.1,
2024-10-28,16.3,12.6,20.4,0.0,,,7.4,,1014.3,
2024-10-29,14.9,13.8,18.4,0.0,,,8.2,,1018.2,
2024-10-30,15.9,11.8,21.6,0.0,,,5.6,,1021.8,
2024-10-31,16.8,11.3,22.9,0.0,,,5.3,,1022.7,
2024-11-01,15.9,13.2,18.9,0.0,,,5.6,,1019.5,
2024-11-02,18.4,13.3,25.0,0.0,,,7.2,,1017.1,
2024-11-03,19.0,13.3,23.5,1.0,,,8.6,,1021.1,
2024-11-04,12.6,9.6,18.1,1.9,,,10.2,,1019.8,
2024-11-05,8.8,5.9,14.8,0.0,,,7.6,,1022.2,
2024-11-06,7.1,4.5,12.8,0.0,,,8.7,,1025.9,
2024-11-07,8.7,1.9,15.8,0.0,,,5.4,,1029.6,
2024-11-08,11.5,3.4,18.3,0.0,,,5.3,,1028.1,
2024-11-09,14.0,7.1,20.5,0.0,,,5.4,,1026.3,
2024-11-10,14.7,10.7,21.3,0.0,,,6.3,,1022.1,
2024-11-11,15.6,10.0,21.9,0.0,,,4.4,,1019.6,
2024-11-12,13.4,11.7,19.3,0.0,,,8.1,,1018.9,
2024-11-13,15.9,8.6,21.0,0.0,,,6.6,,1021.7,
2024-11-14,15.2,13.5,17.0,1.7,,,6.8,,1020.1,
2024-11-15,17.6,14.0,21.3,0.0,,,6.1,,1018.0,
2024-11-16,15.4,15.1,22.9,9.7,,,7.1,,1015.6,
2024-11-17,5.1,3.0,14.7,0.0,,,12.8,,1022.5,
2024-11-18,2.8,0.3,5.9,0.0,,,8.4,,1032.7,
2024-11-19,4.8,0.2,9.8,0.0,,,6.8,,1030.7,
2024-11-20,6.9,2.8,10.4,0.0,,,4.3,,1024.6,
2024-11-21,9.6,6.1,13.4,0.4,,,6.3,,1020.3,
2024-11-22,5.8,3.7,10.5,0.0,,,8.3,,1022.8,
2024-11-23,7.1,1.8,12.4,0.0,,,6.5,,1027.3,
2024-11-24,8.0,2.9,13.9,0.0,,,6.0,,1029.0,
2024-11-25,12.0,3.9,15.5,0.0,,,8.5,,1024.2,
2024-11-26,3.6,2.3,13.0,20.9,16.0,,12.5,,1011.4,
2024-11-27,0.1,-1.0,1.5,10.1,28.0,,5.6,,1011.1,
2024-11-28,0.2,-1.0,3.7,3.9,11.0,,6.4,,1010.7,
2024-11-29,1.4,-3.1,3.5,0.0,7.0,,4.9,,1012.7,
2024-11-30,3.5,-0.2,5.9,0.0,5.0,,6.7,,1015.0,
2024-12-01,5.8,1.9,8.6,0.0,,,7.9,,1015.4,
2024-12-02,5.0,1.8,13.2,0.0,,,8.7,,1015.0,
2024-12-03,2.7,-2.1,5.5,0.0,,,8.4,,1023.0,
2024-12-04,3.3,-0.3,7.0,0.0,,,7.6,,1022.0,
2024-12-05,4.4,0.2,8.5,2.0,,,8.2,,1016.8,
2024-12-06,1.4,0.2,5.5,0.0,,,9.1,,1020.3,
2024-12-07,0.1,-2.2,4.9,0.0,,,8.9,,1023.8,
2024-12-08,-0.0,-3.6,4.3,0.0,,,8.2,,1026.0,
2024-12-09,2.1,-3.5,7.4,0.0,,,5.4,,1024.8,
2024-12-10,3.5,-1.6,6.9,,,,7.2,,1023.6,
2024-12-11,2.4,0.7,8.3,,,,5.4,,1022.3,
2024-12-12,1.4,-2.9,5.0,,,,7.0,,1024.4,
2024-12-13,0.6,-0.8,4.8,,,,7.8,,1022.0,
2024-12-14,0.4,-3.3,2.6,0.0,,,7.9,,1024.7,
2024-12-15,0.7,-1.1,5.4,0.0,,,8.5,,1020.7,
2024-12-16,0.2,-3.0,4.1,0.0,,,4.2,,1021.9,
2024-12-17,-1.3,-2.8,4.0,0.0,,,8.3,,1024.8,
2024-12-18,-3.5,-5.9,0.8,0.0,,,7.9,,1026.6,
2024-12-19,0.1,-6.4,5.3,0.0,,,6.0,,1029.4,
2024-12-20,2.5,-1.8,5.2,0.6,2.0,,6.6,,1022.6,
2024-12-21,-2.7,-3.9,2.2,2.0,1.0,,10.5,,1018.6,
2024-12-22,-2.3,-7.4,1.2,0.0,1.0,,7.7,,1027.1,
2024-12-23,0.7,-4.7,6.9,0.0,,,7.5,,1026.2,
2024-12-24,0.9,-4.0,5.0,0.0,,,4.7,,1027.8,
2024-12-25,4.0,-0.8,6.3,0.2,,,7.1,,1025.1,
2024-12-26,-1.9,-4.1,4.5,0.1,,,12.4,,1024.0,
2024-12-27,-2.3,-5.4,2.0,0.0,,,9.1,,1026.0,
2024-12-28,-1.8,-6.4,1.3,0.0,,,8.7,,1024.1,
2024-12-29,2.9,-3.9,5.6,0.0,,,5.4,,1024.7,
2024-12-30,5.1,2.4,10.2,0.2,,,8.4,,1018.3,
2024-12-31,0.4,-1.5,5.1,0.0,,,9.4,,1020.4,
