Year,World,Africa,Americas,Asia,Europe,Oceania,Asia and Oceania,Northern America and Europe,"Europe, Northern America, Australia and New Zealand",Central and Southern Asia,Eastern and South-Eastern Asia,Western Asia and Northern Africa,Developing economies,Developing economies: Africa,Developing economies: Americas,Developing economies: Asia and Oceania,Developed economies,Developed economies: Americas,Developed economies: Asia and Oceania,Developed economies: Europe,Developing economies excluding China,Developing economies excluding LDCs,LDCs (Least developed countries),LDCs: Africa,LDCs: Asia,LDCs: Islands and Haiti,LLDCs (Landlocked developing countries),SIDS (Small island developing States) (UN-OHRLLS),SIDS: Atlantic and Indian Ocean,SIDS: Caribbean,SIDS: Pacific,BRICS,European Union (2020 â€¦),G20 (Group of Twenty),G-77 (Group of 77),OECD (Organisation for Economic Cooperation and Development)
1948,58662.0,4374.0,23082.0,7291.0,21674.0,2241.0,9532.0,37535.0,39702.0,2637.0,3805.0,2157.0,18654.0,4374.0,7221.0,7059.0,40008.0,15861.0,2473.0,21674.0,18134.0,17237.0,1416.0,1050.0,336.0,31.0,532.0,2322.0,71.0,1486.0,764.0,6940.0,12261.0,36091.0,16999.0,39591.0
1949,58654.0,4295.0,21318.0,7206.0,23637.0,2198.0,9404.0,38744.0,40871.0,2579.0,3571.0,2301.0,17200.0,4295.0,6211.0,6694.0,41454.0,15107.0,2710.0,23637.0,17200.0,15739.0,1460.0,1104.0,319.0,37.0,519.0,2135.0,67.0,1386.0,683.0,6528.0,13990.0,35526.0,15467.0,41178.0
1950,61862.0,4452.0,20230.0,10237.0,24689.0,2254.0,12491.0,37710.0,39893.0,2993.0,5868.0,2622.0,21055.0,4452.0,7209.0,9394.0,40807.0,13022.0,3096.0,24689.0,20505.0,19170.0,1885.0,1207.0,633.0,45.0,615.0,2743.0,60.0,1606.0,1078.0,8007.0,15171.0,35305.0,18908.0,40376.0
1951,82876.0,5554.0,26566.0,14060.0,33875.0,2821.0,16881.0,51765.0,54497.0,3823.0,8383.0,3374.0,26928.0,5554.0,8676.0,12699.0,55947.0,17890.0,4183.0,33875.0,26168.0,24382.0,2547.0,1643.0,847.0,57.0,825.0,3737.0,79.0,1994.0,1664.0,10279.0,22177.0,46556.0,24288.0,55323.0
1952,79801.0,5491.0,25922.0,11528.0,34352.0,2509.0,14037.0,52198.0,54601.0,2567.0,6759.0,3573.0,23810.0,5491.0,8076.0,10243.0,55992.0,17846.0,3794.0,34352.0,22990.0,21357.0,2453.0,1635.0,758.0,59.0,864.0,3224.0,86.0,1949.0,1189.0,9172.0,22145.0,44785.0,21309.0,54965.0
1953,80773.0,5520.0,25417.0,11374.0,35664.0,2799.0,14172.0,52325.0,55002.0,2409.0,6490.0,3800.0,24355.0,5520.0,8756.0,10080.0,56418.0,16661.0,4092.0,35664.0,23335.0,21910.0,2445.0,1681.0,717.0,47.0,856.0,3014.0,97.0,1928.0,989.0,9477.0,23370.0,44604.0,21925.0,54800.0
1954,85184.0,5909.0,25858.0,12173.0,38756.0,2488.0,14661.0,55824.0,58185.0,2525.0,6904.0,4099.0,25212.0,5909.0,8790.0,10513.0,59972.0,17067.0,4148.0,38756.0,24062.0,22525.0,2687.0,1870.0,752.0,65.0,983.0,3046.0,104.0,1938.0,1004.0,10058.0,25791.0,46171.0,22794.0,58039.0
1955,94012.0,6247.0,28026.0,13954.0,43123.0,2662.0,16616.0,61999.0,64512.0,2945.0,8193.0,4291.0,27331.0,6247.0,9150.0,11933.0,66682.0,18876.0,4683.0,43123.0,25921.0,24476.0,2854.0,2006.0,802.0,47.0,1083.0,3349.0,82.0,2018.0,1249.0,10975.0,29121.0,50640.0,24702.0,64604.0
1956,104228.0,6630.0,32354.0,15344.0,47071.0,2830.0,18173.0,69573.0,72255.0,3330.0,9097.0,4409.0,29278.0,6630.0,9852.0,12796.0,74950.0,22502.0,5377.0,47071.0,27628.0,26184.0,3093.0,2252.0,789.0,52.0,1127.0,3565.0,97.0,2200.0,1268.0,12098.0,31715.0,56421.0,26452.0,72579.0
1957,113386.0,6837.0,35180.0,16028.0,52159.0,3182.0,19211.0,77016.0,80018.0,3036.0,10046.0,4545.0,30292.0,6837.0,10322.0,13133.0,83094.0,24857.0,6078.0,52159.0,28078.0,27313.0,2979.0,2159.0,777.0,43.0,1109.0,3936.0,109.0,2511.0,1316.0,13360.0,35272.0,62498.0,27466.0,79652.0
1958,109363.0,6578.0,31292.0,16545.0,52413.0,2535.0,19080.0,74071.0,76435.0,2883.0,10138.0,5119.0,29851.0,6578.0,9634.0,13639.0,79512.0,21658.0,5441.0,52413.0,27125.0,27042.0,2809.0,1992.0,769.0,48.0,1021.0,3638.0,102.0,2340.0,1197.0,13157.0,35951.0,58349.0,27209.0,75829.0
1959,117961.0,6971.0,31522.0,18555.0,57912.0,3001.0,21556.0,79957.0,82785.0,3081.0,11830.0,5111.0,31467.0,6971.0,9477.0,15019.0,86494.0,22045.0,6537.0,57912.0,28295.0,28362.0,3105.0,2255.0,812.0,39.0,1165.0,3534.0,104.0,2134.0,1296.0,15218.0,39599.0,63256.0,28757.0,81694.0
1960,130343.0,7372.0,35263.0,19086.0,65540.0,3082.0,22168.0,91004.0,93901.0,3147.0,12180.0,5386.0,32085.0,7372.0,9799.0,14914.0,98258.0,25464.0,7254.0,65540.0,29514.0,28789.0,3296.0,2392.0,860.0,43.0,1225.0,3582.0,79.0,2182.0,1321.0,14767.0,46083.0,69433.0,29294.0,92917.0
1961,136297.0,7333.0,36310.0,18900.0,70419.0,3335.0,22235.0,96716.0,99871.0,3372.0,11623.0,5396.0,31854.0,7333.0,10014.0,14507.0,104443.0,26297.0,7727.0,70419.0,29912.0,28691.0,3163.0,2222.0,901.0,40.0,1257.0,3646.0,94.0,2292.0,1260.0,14897.0,49847.0,72248.0,28876.0,98577.0
1962,143435.0,7468.0,37615.0,19883.0,75144.0,3325.0,23208.0,102351.0,105506.0,3426.0,12135.0,5730.0,32619.0,7468.0,10408.0,14744.0,110815.0,27207.0,8464.0,75144.0,30706.0,29290.0,3329.0,2355.0,924.0,50.0,1317.0,3614.0,95.0,2232.0,1286.0,15693.0,52904.0,76103.0,29447.0,103853.0
1963,156901.0,9134.0,40174.0,21736.0,81931.0,3926.0,25662.0,111164.0,114878.0,3776.0,13300.0,7050.0,36071.0,9134.0,10942.0,15995.0,120830.0,29232.0,9666.0,81931.0,34040.0,32315.0,3756.0,2682.0,1023.0,51.0,1483.0,3786.0,127.0,2312.0,1347.0,16861.0,58162.0,82406.0,32637.0,113375.0
1964,175273.0,9981.0,45618.0,24276.0,91022.0,4375.0,28651.0,124776.0,128903.0,4311.0,14914.0,7777.0,39149.0,9981.0,11865.0,17303.0,136124.0,33754.0,11348.0,91022.0,36898.0,35403.0,3746.0,2674.0,1020.0,52.0,1651.0,3760.0,113.0,2493.0,1153.0,18190.0,65623.0,91953.0,35387.0,128205.0
1965,189903.0,10336.0,47520.0,27453.0,100333.0,4261.0,31714.0,135542.0,139554.0,4464.0,17464.0,8303.0,41224.0,10336.0,12311.0,18577.0,148679.0,35209.0,13136.0,100333.0,38661.0,37424.0,3800.0,2719.0,1031.0,50.0,1820.0,3747.0,107.0,2410.0,1230.0,19384.0,72901.0,99872.0,37184.0,139986.0
1966,207240.0,11121.0,52246.0,30431.0,108925.0,4516.0,34947.0,148348.0,152595.0,4831.0,19486.0,9107.0,44032.0,11121.0,12824.0,20087.0,163208.0,39423.0,14860.0,108925.0,41351.0,39775.0,4257.0,3176.0,1032.0,49.0,1861.0,3886.0,112.0,2403.0,1371.0,20793.0,79324.0,110066.0,39619.0,153753.0
1967,218878.0,11555.0,55495.0,31613.0,115456.0,4758.0,36371.0,157430.0,161901.0,5175.0,20171.0,9512.0,45578.0,11555.0,13522.0,20501.0,173300.0,41973.0,15871.0,115456.0,43190.0,41398.0,4180.0,3174.0,956.0,50.0,1856.0,4122.0,109.0,2586.0,1427.0,21741.0,84929.0,114935.0,40869.0,162652.0
1968,243021.0,13142.0,61098.0,35390.0,128501.0,4892.0,40281.0,175775.0,180311.0,4897.0,23513.0,11143.0,48555.0,13142.0,13823.0,21590.0,194466.0,47275.0,18691.0,128501.0,46216.0,44023.0,4532.0,3538.0,941.0,54.0,1961.0,4347.0,114.0,2606.0,1627.0,23389.0,95351.0,128479.0,43338.0,182767.0
1969,277313.0,14816.0,67135.0,41033.0,148498.0,5831.0,46864.0,200228.0,205659.0,5253.0,28218.0,12303.0,54214.0,14816.0,15405.0,23994.0,223098.0,51730.0,22870.0,148498.0,51785.0,49057.0,5158.0,4087.0,1013.0,58.0,2362.0,4790.0,123.0,2718.0,1949.0,25693.0,111030.0,145278.0,48058.0,210294.0
1970,318276.0,16180.0,77486.0,47007.0,171025.0,6579.0,53585.0,231133.0,237125.0,5870.0,32802.0,13431.0,60112.0,16180.0,17378.0,26555.0,258164.0,60108.0,27031.0,171025.0,57805.0,54619.0,5492.0,4482.0,949.0,61.0,2571.0,5688.0,173.0,3374.0,2140.0,28012.0,129645.0,166251.0,52993.0,243874.0
1971,354857.0,17413.0,79241.0,58704.0,192302.0,7198.0,65902.0,254338.0,260912.0,7185.0,39696.0,17211.0,67810.0,17413.0,17205.0,33192.0,287047.0,62036.0,32709.0,192302.0,65028.0,62333.0,5477.0,4668.0,736.0,73.0,2825.0,6040.0,180.0,3474.0,2385.0,31701.0,146337.0,184350.0,59503.0,271031.0
1972,419985.0,19654.0,89928.0,69855.0,231497.0,9051.0,78906.0,301942.0,310195.0,6195.0,49017.0,21024.0,77796.0,19654.0,19483.0,38658.0,342189.0,70444.0,40247.0,231497.0,74103.0,72357.0,5439.0,4688.0,682.0,69.0,2600.0,6945.0,164.0,3794.0,2986.0,35176.0,179828.0,218130.0,67474.0,323719.0
1973,582084.0,27942.0,125979.0,99863.0,315134.0,13166.0,113029.0,412460.0,424615.0,7619.0,69586.0,31436.0,115610.0,27942.0,28653.0,59015.0,466474.0,97326.0,54015.0,315134.0,109734.0,108515.0,7095.0,6171.0,836.0,88.0,3535.0,10347.0,197.0,5486.0,4664.0,51676.0,246939.0,297348.0,100606.0,441301.0
1974,842702.0,48511.0,181718.0,188154.0,409485.0,14834.0,202988.0,543561.0,557011.0,14691.0,102497.0,88408.0,223785.0,48511.0,47643.0,127631.0,618918.0,134076.0,75357.0,409485.0,216677.0,214620.0,9164.0,7891.0,1132.0,141.0,4616.0,19155.0,390.0,11572.0,7193.0,79802.0,321803.0,426492.0,203849.0,587621.0
1975,877301.0,44379.0,188459.0,181129.0,448056.0,15277.0,196407.0,591116.0,605226.0,14583.0,102207.0,80112.0,209220.0,44379.0,45399.0,119441.0,668081.0,143060.0,76965.0,448056.0,201531.0,201422.0,7798.0,6625.0,1032.0,141.0,3980.0,20083.0,369.0,13170.0,6543.0,86504.0,347065.0,454257.0,190375.0,628190.0
1976,993853.0,50829.0,209198.0,221529.0,495092.0,17206.0,238734.0,652625.0,668613.0,17034.0,126712.0,96720.0,247551.0,50829.0,51664.0,145058.0,746302.0,157534.0,93676.0,495092.0,240608.0,238983.0,8568.0,7202.0,1184.0,183.0,4895.0,21908.0,352.0,13753.0,7803.0,95534.0,384962.0,509178.0,222086.0,702243.0
1977,1131232.0,59676.0,226793.0,255945.0,570803.0,18014.0,273960.0,737664.0,754227.0,18433.0,152094.0,107374.0,282467.0,59676.0,59932.0,162859.0,848765.0,166861.0,111101.0,570803.0,274948.0,272791.0,9677.0,8178.0,1288.0,211.0,5346.0,24901.0,410.0,14799.0,9692.0,112922.0,438027.0,584822.0,253937.0,795753.0
1978,1310763.0,59687.0,259001.0,289753.0,682686.0,19636.0,309389.0,877112.0,895265.0,18674.0,184705.0,107483.0,300303.0,59687.0,64575.0,176040.0,1010460.0,194426.0,133349.0,682686.0,290348.0,290706.0,9597.0,7948.0,1421.0,227.0,5098.0,27493.0,430.0,15447.0,11617.0,126048.0,522378.0,684679.0,263874.0,951033.0
1979,1664428.0,87324.0,329404.0,374482.0,847920.0,25297.0,399779.0,1092778.0,1116147.0,20805.0,217022.0,168406.0,425926.0,87324.0,84547.0,254055.0,1238502.0,244857.0,145725.0,847920.0,412312.0,413378.0,12548.0,10110.0,2142.0,297.0,6954.0,35083.0,499.0,18422.0,16161.0,160225.0,650107.0,858155.0,378153.0,1167309.0
1980,2050522.0,121508.0,405294.0,509701.0,984403.0,29616.0,539317.0,1277931.0,1305296.0,26137.0,280048.0,247558.0,591204.0,121508.0,111766.0,357930.0,1459318.0,293529.0,181387.0,984403.0,573104.0,576000.0,15187.0,12043.0,2830.0,315.0,8386.0,46050.0,545.0,23879.0,21626.0,208105.0,740432.0,1076657.0,523276.0,1381586.0
1981,2027785.0,100056.0,432882.0,538569.0,927091.0,29187.0,567756.0,1238754.0,1265854.0,25751.0,313912.0,237648.0,582935.0,100056.0,121218.0,361661.0,1444849.0,311664.0,206095.0,927091.0,560928.0,569096.0,13819.0,10803.0,2779.0,238.0,7911.0,48429.0,429.0,24945.0,23055.0,213382.0,688538.0,1125405.0,503375.0,1367378.0
1982,1897887.0,85240.0,396729.0,482582.0,904500.0,28836.0,511418.0,1192371.0,1219303.0,34828.0,300272.0,181516.0,512547.0,85240.0,108858.0,318449.0,1385340.0,287871.0,192969.0,904500.0,490226.0,499575.0,12956.0,9852.0,2846.0,257.0,7623.0,44901.0,456.0,21751.0,22693.0,221172.0,666629.0,1032441.0,432714.0,1302928.0
1983,1857898.0,82007.0,391256.0,461436.0,895935.0,27264.0,488700.0,1178532.0,1204059.0,36370.0,316613.0,140946.0,476817.0,82007.0,108659.0,286151.0,1381081.0,282597.0,202549.0,895935.0,454591.0,463820.0,12981.0,10046.0,2685.0,250.0,7409.0,44566.0,459.0,20537.0,23570.0,225934.0,659149.0,1003673.0,391527.0,1295999.0
1984,1968129.0,82507.0,432964.0,502689.0,919327.0,30643.0,533331.0,1233793.0,1262422.0,32291.0,366115.0,135962.0,500382.0,82507.0,118499.0,299377.0,1467747.0,314465.0,233955.0,919327.0,474243.0,486777.0,13587.0,10578.0,2718.0,290.0,7482.0,45712.0,496.0,19133.0,26083.0,229537.0,679370.0,1077328.0,399700.0,1386120.0
1985,1965697.0,83635.0,419720.0,494761.0,937320.0,30260.0,525021.0,1247289.0,1275613.0,29158.0,371077.0,127672.0,475902.0,83635.0,109751.0,282516.0,1489795.0,309969.0,242506.0,937320.0,448552.0,462717.0,13163.0,10235.0,2669.0,259.0,7176.0,40569.0,554.0,15267.0,24748.0,218461.0,690889.0,1074299.0,377478.0,1410959.0
1986,2141453.0,69138.0,412826.0,516734.0,1112267.0,30487.0,547221.0,1430096.0,1458545.0,22798.0,423406.0,94038.0,429831.0,69138.0,94997.0,265695.0,1711622.0,317829.0,281526.0,1112267.0,398889.0,417630.0,12170.0,9660.0,2238.0,272.0,7805.0,40308.0,828.0,14947.0,24533.0,213565.0,842040.0,1164244.0,321550.0,1619030.0
1987,2520515.0,78956.0,458993.0,622954.0,1323458.0,36153.0,659108.0,1676154.0,1709970.0,30594.0,508363.0,110067.0,522956.0,78956.0,106298.0,337702.0,1997560.0,352696.0,321406.0,1323458.0,483519.0,509655.0,13245.0,10799.0,2155.0,291.0,9147.0,46769.0,1005.0,14741.0,31023.0,251580.0,1005523.0,1344556.0,378636.0,1899525.0
1988,2875090.0,81129.0,562317.0,726319.0,1460250.0,45075.0,771394.0,1900217.0,1942299.0,31947.0,607004.0,114087.0,596783.0,81129.0,122350.0,393303.0,2278308.0,439967.0,378091.0,1460250.0,549267.0,581736.0,14972.0,12021.0,2663.0,287.0,9880.0,58418.0,1164.0,14956.0,42298.0,274535.0,1117683.0,1561922.0,425965.0,2180212.0
1989,3103071.0,89769.0,622308.0,801445.0,1540304.0,49245.0,850690.0,2026447.0,2072448.0,37040.0,656412.0,139882.0,682454.0,89769.0,136166.0,456519.0,2420618.0,486142.0,394171.0,1540304.0,629916.0,666096.0,16289.0,13307.0,2740.0,242.0,10428.0,65161.0,1178.0,16078.0,47905.0,293705.0,1185032.0,1673852.0,491098.0,2331010.0
1990,3497003.0,105716.0,667869.0,890407.0,1781086.0,51924.0,942332.0,2302844.0,2351991.0,47033.0,712688.0,168195.0,779379.0,105716.0,146110.0,527552.0,2717624.0,521759.0,414780.0,1781086.0,717288.0,761190.0,18119.0,14575.0,3292.0,252.0,10708.0,71511.0,1436.0,14567.0,55508.0,309971.0,1379309.0,2282319.0,570749.0,2657015.0
1991,3517340.0,99476.0,694188.0,967985.0,1701271.0,54420.0,1022404.0,2250584.0,2302057.0,47177.0,803281.0,153127.0,815735.0,99476.0,144875.0,571384.0,2701605.0,549313.0,451021.0,1701271.0,743825.0,799386.0,16285.0,12481.0,3523.0,282.0,9728.0,76227.0,1425.0,12889.0,61913.0,267109.0,1359566.0,2289106.0,578545.0,2704543.0
1992,3787559.0,97357.0,735735.0,1081969.0,1816509.0,55990.0,1137959.0,2399549.0,2452158.0,59354.0,891723.0,163707.0,904769.0,97357.0,152695.0,654718.0,2882790.0,583040.0,483241.0,1816509.0,819829.0,888173.0,16531.0,12132.0,4196.0,203.0,19713.0,80313.0,1538.0,11922.0,66853.0,286772.0,1466072.0,2440217.0,629692.0,2888895.0
1993,3782439.0,91745.0,772814.0,1161881.0,1698347.0,57653.0,1219533.0,2308651.0,2361916.0,60355.0,972844.0,157599.0,960330.0,91745.0,162510.0,706075.0,2822109.0,610304.0,513458.0,1698347.0,868586.0,942820.0,17444.0,12138.0,5072.0,235.0,20436.0,91352.0,1497.0,11455.0,78399.0,304218.0,1365083.0,2430684.0,659392.0,2837329.0
1994,4321806.0,95902.0,868602.0,1328637.0,1964115.0,64550.0,1393186.0,2642447.0,2702160.0,67054.0,1125231.0,167287.0,1108509.0,95902.0,190270.0,822337.0,3213297.0,678332.0,570849.0,1964115.0,987503.0,1089935.0,18508.0,12616.0,5651.0,241.0,23302.0,115934.0,1615.0,12656.0,101663.0,371986.0,1571110.0,2752711.0,770765.0,3215533.0
1995,5176671.0,111437.0,1008690.0,1562218.0,2422431.0,71894.0,1634112.0,3199814.0,3266570.0,76699.0,1328711.0,191924.0,1321651.0,111437.0,231307.0,978906.0,3855020.0,777383.0,655205.0,2422431.0,1172871.0,1297946.0,23602.0,15330.0,7974.0,297.0,28279.0,139685.0,1781.0,14498.0,123406.0,432187.0,1956317.0,3249151.0,916800.0,3860485.0
1996,5411285.0,125455.0,1087346.0,1607264.0,2511257.0,79963.0,1687227.0,3338411.0,3413074.0,86946.0,1333990.0,226285.0,1435569.0,125455.0,260192.0,1049922.0,3975716.0,827154.0,637305.0,2511257.0,1284521.0,1408895.0,26573.0,17160.0,9150.0,263.0,30627.0,147561.0,2141.0,15105.0,130315.0,464296.0,2008562.0,3371947.0,1000092.0,3990111.0
1997,5599647.0,126944.0,1194284.0,1694408.0,2501715.0,82296.0,1776705.0,3405666.0,3482798.0,85209.0,1410938.0,238839.0,1535976.0,126944.0,290333.0,1118700.0,4063671.0,903951.0,658005.0,2501715.0,1353184.0,1509040.0,26818.0,16589.0,9848.0,381.0,31931.0,147963.0,1929.0,15885.0,130149.0,508325.0,1981866.0,3528388.0,1068739.0,4099363.0
1998,5509848.0,105170.0,1182404.0,1562970.0,2586598.0,72705.0,1635675.0,3483348.0,3551324.0,76378.0,1325610.0,193840.0,1414221.0,105170.0,285655.0,1023396.0,4095627.0,896750.0,612279.0,2586598.0,1230509.0,1389258.0,24856.0,14921.0,9485.0,450.0,27899.0,131238.0,1956.0,14658.0,114624.0,470110.0,2092412.0,3484984.0,965905.0,4152011.0
1999,5723003.0,116443.0,1239690.0,1704335.0,2588988.0,73546.0,1777881.0,3523570.0,3592124.0,87633.0,1421568.0,233335.0,1541051.0,116443.0,305108.0,1119500.0,4181952.0,934582.0,658382.0,2588988.0,1346120.0,1513223.0,27712.0,15964.0,11270.0,478.0,28736.0,137553.0,1950.0,15931.0,119673.0,493643.0,2091875.0,3600089.0,1062575.0,4262297.0
2000,6449894.0,145190.0,1426842.0,2068214.0,2727309.0,82340.0,2150554.0,3786173.0,3863341.0,108550.0,1688792.0,323349.0,1902634.0,145190.0,367977.0,1389467.0,4547260.0,1058865.0,761087.0,2727309.0,1653431.0,1867748.0,34783.0,19630.0,14749.0,404.0,33984.0,165065.0,2001.0,20089.0,142976.0,631456.0,2168654.0,4021644.0,1332182.0,4623651.0
2001,6192835.0,136409.0,1342453.0,1883011.0,2749310.0,81652.0,1964663.0,3738577.0,3815694.0,105378.0,1527691.0,298171.0,1793182.0,136409.0,353186.0,1303587.0,4399653.0,989267.0,661076.0,2749310.0,1527084.0,1759225.0,33851.0,19072.0,14436.0,343.0,34013.0,147885.0,2082.0,19516.0,126286.0,635631.0,2202962.0,3859245.0,1264586.0,4469577.0
2002,6497515.0,142499.0,1302878.0,2032179.0,2936205.0,83754.0,2115933.0,3882066.0,3961482.0,115418.0,1653055.0,312310.0,1926645.0,142499.0,357016.0,1427130.0,4570869.0,945861.0,688803.0,2936205.0,1601049.0,1889103.0,37429.0,21677.0,15392.0,361.0,35888.0,148938.0,2306.0,17118.0,129514.0,717901.0,2363856.0,3998218.0,1371798.0,4635811.0
2003,7585928.0,175179.0,1388741.0,2421829.0,3507834.0,92345.0,2514174.0,4505751.0,4592655.0,138975.0,1961892.0,381419.0,2294932.0,175179.0,390825.0,1728929.0,5290996.0,997917.0,785245.0,3507834.0,1856704.0,2252115.0,42684.0,25785.0,16441.0,458.0,44199.0,187313.0,2487.0,19475.0,165351.0,915702.0,2851238.0,4624454.0,1677109.0,5333149.0
2004,9218263.0,233964.0,1613239.0,3040691.0,4217358.0,113012.0,3153702.0,5349457.0,5456366.0,177104.0,2434824.0,507882.0,2902811.0,233964.0,481140.0,2187708.0,6315452.0,1132099.0,965994.0,4217358.0,2309485.0,2847104.0,55524.0,36036.0,18971.0,517.0,60222.0,230752.0,2653.0,23352.0,204747.0,1209805.0,3422979.0,5579481.0,2167669.0,6336585.0
2005,10512045.0,301599.0,1848376.0,3591672.0,4635860.0,134537.0,3726209.0,5897876.0,6025703.0,228353.0,2793324.0,677283.0,3562747.0,301599.0,586361.0,2674787.0,6949298.0,1262015.0,1051422.0,4635860.0,2800794.0,3487585.0,74904.0,50733.0,23573.0,598.0,78160.0,267691.0,2820.0,28505.0,236367.0,1549872.0,3689908.0,6310232.0,2739163.0,6947741.0
2006,12135957.0,359385.0,2114055.0,4238951.0,5269963.0,153603.0,4392554.0,6684540.0,6830386.0,289644.0,3263218.0,816217.0,4285259.0,359385.0,699478.0,3226395.0,7850699.0,1414577.0,1166159.0,5269963.0,3316281.0,4190103.0,94741.0,65262.0,28824.0,655.0,104122.0,318078.0,3073.0,35433.0,279572.0,1933990.0,4153030.0,7266241.0,3345582.0,7837509.0
2007,14030960.0,425011.0,2355442.0,4928875.0,6144437.0,177194.0,5106069.0,7713796.0,7882098.0,346653.0,3773572.0,962200.0,5007561.0,425011.0,786084.0,3796466.0,9023399.0,1569359.0,1309603.0,6144437.0,3787105.0,4889903.0,116983.0,84926.0,31338.0,719.0,133958.0,348449.0,3000.0,37241.0,308208.0,2360495.0,4920327.0,8356698.0,3961148.0,8984690.0
2008,16170179.0,548224.0,2651280.0,5798263.0,6945361.0,227051.0,6025314.0,8689796.0,8907633.0,451652.0,4256330.0,1294447.0,5996156.0,548224.0,906846.0,4541087.0,10174023.0,1744435.0,1484227.0,6945361.0,4565463.0,5843876.0,151759.0,113928.0,37114.0,717.0,179852.0,394274.0,3347.0,43524.0,347403.0,2893987.0,5477740.0,9519570.0,4850191.0,10021357.0
2009,12577859.0,387233.0,2076540.0,4612565.0,5315187.0,186334.0,4798899.0,6687717.0,6866981.0,347195.0,3497615.0,900482.0,4717433.0,387233.0,704009.0,3626191.0,7860426.0,1372531.0,1172708.0,5315187.0,3515821.0,4599115.0,117823.0,82573.0,34478.0,771.0,125835.0,305964.0,2711.0,26342.0,276911.0,2298533.0,4253043.0,7420208.0,3789335.0,7834143.0
2010,15299274.0,522313.0,2556613.0,5953812.0,6013427.0,253109.0,6206921.0,7679803.0,7923834.0,460073.0,4545596.0,1125980.0,6079467.0,522313.0,890236.0,4666917.0,9219807.0,1666377.0,1540004.0,6013427.0,4501713.0,5928870.0,149956.0,106685.0,42427.0,844.0,164638.0,394585.0,3077.0,30547.0,360962.0,2998674.0,4767947.0,9146828.0,4911615.0,9164809.0
2011,18336081.0,618205.0,3043338.0,7204714.0,7149491.0,320333.0,7525047.0,9083841.0,9393243.0,611105.0,5289484.0,1477548.0,7494826.0,618205.0,1108988.0,5767633.0,10841255.0,1934350.0,1757414.0,7149491.0,5596445.0,7308474.0,185677.0,133631.0,50814.0,1233.0,220994.0,468574.0,3755.0,44371.0,420448.0,3756715.0,5585613.0,10906761.0,6133812.0,10704650.0
2012,18507209.0,641228.0,3120470.0,7485645.0,6955480.0,304386.0,7790030.0,8957262.0,9251242.0,583846.0,5457544.0,1647994.0,7844649.0,641228.0,1118688.0,6084733.0,10662560.0,2001783.0,1705298.0,6955480.0,5795935.0,7656201.0,187912.0,134026.0,52515.0,1372.0,225349.0,462118.0,3690.0,39598.0,418830.0,3904758.0,5335786.0,10944330.0,6412988.0,10561605.0
2013,18945303.0,600754.0,3146869.0,7647996.0,7247608.0,302075.0,7950072.0,9286075.0,9578501.0,589042.0,5609466.0,1636852.0,8023931.0,600754.0,1108403.0,6314774.0,10921373.0,2038467.0,1635298.0,7247608.0,5814926.0,7828345.0,195042.0,135825.0,57800.0,1417.0,231487.0,467432.0,4045.0,43470.0,419917.0,4054047.0,5535710.0,11189607.0,6537563.0,10830902.0
2014,19012747.0,581832.0,3175786.0,7719679.0,7240789.0,294661.0,8014340.0,9338204.0,9619801.0,597965.0,5758054.0,1527621.0,8057981.0,581832.0,1078370.0,6397778.0,10954766.0,2097416.0,1616561.0,7240789.0,5715688.0,7870077.0,187321.0,130618.0,55242.0,1461.0,228596.0,471045.0,4246.0,38342.0,428457.0,4120376.0,5653032.0,11342600.0,6548252.0,10920675.0
2015,16565155.0,414487.0,2830463.0,6861476.0,6224931.0,233798.0,7095274.0,8137995.0,8360033.0,473053.0,5398237.0,1108965.0,6986085.0,414487.0,917399.0,5654199.0,9579070.0,1913064.0,1441075.0,6224931.0,4712617.0,6834409.0,151127.0,91995.0,57805.0,1327.0,156209.0,398444.0,3685.0,31394.0,363364.0,3696003.0,4929053.0,10100161.0,5593793.0,9677571.0
2016,16049520.0,379944.0,2725991.0,6559755.0,6145822.0,238010.0,6797764.0,7987421.0,8213681.0,460193.0,5188281.0,1026982.0,6631825.0,379944.0,884392.0,5367489.0,9417696.0,1841599.0,1430275.0,6145822.0,4534193.0,6481209.0,150091.0,85864.0,62743.0,1484.0,140068.0,373199.0,3471.0,27478.0,342250.0,3440305.0,4969738.0,9690911.0,5256066.0,9560614.0
2017,17737661.0,436797.0,2957384.0,7288946.0,6771517.0,283017.0,7571963.0,8739074.0,9008280.0,531945.0,5728232.0,1154021.0,7392920.0,436797.0,989828.0,5966296.0,10344741.0,1967557.0,1605667.0,6771517.0,5129574.0,7213903.0,178445.0,109123.0,67764.0,1557.0,163406.0,420409.0,3670.0,29459.0,387280.0,3823269.0,5466720.0,10644679.0,5882124.0,10448571.0
2018,19547191.0,513150.0,3193943.0,8050051.0,7478400.0,311646.0,8361698.0,9595419.0,9892189.0,589867.0,6188854.0,1419369.0,8244996.0,513150.0,1076924.0,6654921.0,11302195.0,2117019.0,1706776.0,7478400.0,5758301.0,8037978.0,206412.0,128465.0,76205.0,1742.0,192659.0,464393.0,3765.0,32752.0,427876.0,4283085.0,5992950.0,11640529.0,6627852.0,11352572.0
2019,19008103.0,481383.0,3142478.0,7811013.0,7247772.0,325457.0,8136470.0,9340611.0,9651133.0,553551.0,6045581.0,1353242.0,8047214.0,481383.0,1049639.0,6516192.0,10960889.0,2092839.0,1620278.0,7247772.0,5547757.0,7849060.0,197479.0,115162.0,80449.0,1868.0,191401.0,438845.0,3492.0,29501.0,405852.0,4209230.0,5825391.0,11359384.0,6454596.0,11043737.0
2020,17647831.0,396301.0,2767578.0,7449691.0,6732219.0,302043.0,7751734.0,8548814.0,8838015.0,460929.0,6034898.0,1056078.0,7602784.0,396301.0,950982.0,6255501.0,10045047.0,1816595.0,1496233.0,6732219.0,5012833.0,7415833.0,186300.0,108577.0,76165.0,1558.0,168225.0,404654.0,2827.0,26187.0,375640.0,4070761.0,5475896.0,10464645.0,6048093.0,10171102.0
2021,22290016.0,560444.0,3474558.0,9542239.0,8308434.0,404341.0,9946580.0,10573012.0,10962653.0,644670.0,7569708.0,1496339.0,9862810.0,560444.0,1209981.0,8092385.0,12427206.0,2264577.0,1854195.0,8308434.0,6546788.0,9626910.0,235115.0,143479.0,89476.0,2161.0,220221.0,510360.0,3151.0,34538.0,472672.0,5383566.0,6640505.0,13224994.0,7935301.0,12486008.0
2022,24903220.0,662323.0,4084075.0,10579056.0,9100470.0,477295.0,11056351.0,11769008.0,12226794.0,767336.0,8036807.0,1995506.0,11167909.0,662323.0,1415537.0,9090049.0,13735311.0,2668538.0,1966302.0,9100470.0,7623475.0,10902032.0,265154.0,161530.0,101567.0,2057.0,278079.0,588844.0,3728.0,49432.0,535683.0,6007663.0,7166408.0,14683110.0,9128926.0,13824706.0
2023,23885681.0,617307.0,3986364.0,9953561.0,8898156.0,430293.0,10383855.0,11487350.0,11900156.0,734205.0,7570364.0,1844964.0,10567673.0,617307.0,1397169.0,8553197.0,13318008.0,2589195.0,1830658.0,8898156.0,7188630.0,10308223.0,258810.0,164601.0,92666.0,1543.0,278620.0,541270.0,3630.0,43737.0,493902.0,5657911.0,7211334.0,14044701.0,8591149.0,13583704.0
2024,24456413.0,626857.0,4094129.0,10481951.0,8853059.0,400417.0,10882368.0,11487766.0,11870884.0,770997.0,8046422.0,1853327.0,11128222.0,626857.0,1459422.0,9041943.0,13328191.0,2634707.0,1840425.0,8853059.0,7551569.0,10850568.0,276907.0,175253.0,100297.0,1357.0,281398.0,576843.0,3755.0,50047.0,523041.0,5927285.0,7150225.0,14301553.0,8998769.0,13622488.0
